Start Date,End Date,Joy Count,Joy Words,Sadness Count,Sadness Words,Anger Count,Anger Words,Fear Count,Fear Words,Trust Count,Trust Words,Disgust Count,Disgust Words,Surprise Count,Surprise Words,Anticipation Count,Anticipation Words,Sentiment Score,Sentiment Label
sunday june 14 1942,monday june 15 1942,8,"welcomed, cream, mother, birthday, friend, good, wonderful, happy",3,"mistake, ill, dislocated",3,"ill, dislocated, lying",2,"ill, dislocated",8,"happy, aunt, mother, friend, good, expert, wonderful, school",3,"ill, dislocated, lying",5,"cream, curiosity, birthday, good, wonderful",7,"time, cream, curiosity, mother, birthday, good, happy",12,Highly Positive
monday june 15 1942,saturday june 20 1942,28,"deal, birthday, friend, flirt, good, shopping, star, nursery, safe, true, kind, helpful, loving, pretty, beer, love, feeling, celebration, diary, present, beauty, entertainment, freedom, adorable, laugh, mother, silly, surprise",21,"interested, fault, anxiety, offended, depressed, feeling, listless, sick, problem, harry, rob, rumor, ruined, badly, case, tough, quiet, obnoxious, ill, suffering, terrific",13,"harry, rob, anxiety, offended, depressed, obnoxious, feeling, fighting, punishment, ill, ruined, hit, lying",19,"fled, homework, war, anxiety, depressed, feeling, punishment, problem, change, mistaken, rob, ruined, case, plunge, operation, nervous, ill, suffering, surprise",34,"deal, director, frank, friend, flirt, good, shopping, father, prefer, star, nursery, safe, true, kind, helpful, wear, loving, pretty, feeling, top, celebration, diary, present, planning, teacher, operation, principal, entertainment, freedom, provide, mother, facts, patience, school",13,"vulgar, interested, rob, boy, sick, obnoxious, feeling, punishment, ill, ruined, dirty, suffering, lying",12,"entertainment, catch, deal, present, laugh, birthday, feeling, flirt, good, shopping, celebration, surprise",22,"intended, deal, birthday, flirt, good, start, shopping, public, arrival, star, time, anxiety, pretty, feeling, top, celebration, present, planning, entertainment, mother, nervous, patience",18,Highly Positive
saturday june 20 1942,sunday june 21 1942,10,"oasis, money, cream, mother, silly, friend, passionate, young, friendship, generous",4,"hell, quiet, bad, case",6,"money, uncertain, bad, hunting, hot, hell",5,"uncertain, bad, hunting, hell, case",11,"money, oasis, mother, manage, friend, passionate, father, innocent, friendship, generous, school",3,"hell, uncertain, bad",5,"money, surprised, cream, uncertain, young",12,"oasis, money, time, cream, mother, passionate, start, thought, young, hunting, long, tomorrow",15,Highly Positive
sunday june 21 1942,wednesday june 24 1942,9,"joy, laugh, mother, pretty, friend, vacation, baby, satisfied, beautiful",10,"mad, exhausted, death, quiet, sick, leave, worried, complain, lose, necessity",10,"mad, arguments, death, mistress, angry, complain, punishment, lose, words, ridiculous",5,"mad, death, homework, punishment, lose",6,"convincing, frank, mother, pretty, friend, father",9,"mad, death, quack, mistress, sick, angry, punishment, lose, ridiculous",8,"break, death, trick, laugh, leave, suddenly, lose, unpredictable",7,"time, death, mother, pretty, wait, vacation, thought",-12,Highly Negative
wednesday june 24 1942,wednesday july 1 1942,8,"luxury, kind, pleasant, unexpected, friend, good, goodness, vacation",4,"fault, torment, ill, fell",3,"torment, ill, stolen",3,"torment, unexpected, ill",8,"kind, pleasant, safekeeping, friend, good, goodness, father, school",2,"boy, ill",5,"surprised, pleasant, unexpected, good, goodness",7,"time, pleasant, unexpected, good, goodness, vacation, long",11,Highly Positive
wednesday july 1 1942,sunday july 5 1942,10,"promise, marry, praise, sweet, mother, finally, love, good, young, miracle",5,"apologize, shell, falling, hanging, ill",4,"furious, shell, ill, hanging",8,"watch, marry, shell, hanging, nervous, ill, hide, war",11,"apologize, promise, marry, praise, sweet, mother, finally, good, father, miracle, fixed",5,"furious, boy, hanging, finally, ill",8,"marry, shell, guess, sweet, finally, good, young, miracle",11,"time, watch, marry, sweet, mother, finally, good, nervous, young, bye, miracle",10,Positive
sunday july 5 1942,wednesday july 8 1942,13,"ceremony, true, deal, finally, good, brilliant, baby, pleased, satisfied, food, enjoy, graduation, happy",9,"somber, leave, worry, fall, absent, bad, lost, awful, case",4,"awful, bad, screaming, words",9,"worry, homework, nervous, bad, screaming, hiding, graduation, awful, case",14,"usual, true, happy, deal, accord, finally, good, brilliant, agreed, father, food, enjoy, graduation, school",4,"screaming, awful, bad, finally",6,"ceremony, deal, leave, finally, good, graduation",14,"time, expected, deal, worry, finally, wait, good, brilliant, nervous, long, enjoy, graduation, neighborhood, happy",15,Highly Positive
wednesday july 8 1942,thursday july 9 1942,8,"destination, diary, alive, mother, finally, friend, goodness, sun",11,"destination, exhausted, fell, quiet, leave, stripped, suffocating, ill, hospital, cry, lonely",7,"pound, shock, agitated, stripped, ill, hot, lonely",13,"destination, creature, stunned, shock, stripped, suspense, suffocating, ill, hiding, hide, hospital, unknown, lonely",12,"leading, dare, diary, alive, mother, finally, friend, goodness, important, father, hospital, sun",6,"creature, finally, stripped, suffocating, ill, lonely",9,"destination, stunned, shock, leave, finally, goodness, suspense, suddenly, sun",15,"time, destination, dare, alive, mother, finally, stripped, wait, goodness, suspense, unknown, thought, long, sun, tomorrow",-2,Negative
thursday july 9 1942,friday july 10 1942,7,"star, kind, sympathetic, mother, young, lovely, elegant",7,"sympathetic, leave, gray, dark, black, ill, lovely",1,ill,4,"suspect, ill, hiding, sympathetic",16,"star, ground, occupant, kind, sympathetic, explain, mother, word, secret, frank, agreed, top, father, fact, lovely, general",3,"ill, gray, toilet",4,"lovely, leave, surprised, young",8,"star, mother, top, young, long, plan, coming, lovely",16,Highly Positive
friday july 10 1942,saturday july 11 1942,3,"mother, shopping, clean",4,"exhausted, fell, unable, miserable",2,"miserable, words",1,change,6,"continue, secret, mother, shopping, clean, father",2,"mess, miserable",1,shopping,7,"time, continue, mother, happen, shopping, long, arrival",7,Positive
saturday july 11 1942,sunday july 12 1942,6,"kind, mother, art, vacation, fun, cheerful",9,"dismal, anxiety, quiet, art, black, ill, bad, shot, doubt",4,"ill, bad, shot, anxiety",10,"dismal, anxiety, nervous, hide, ill, hiding, afraid, bad, shot, doubt",4,"mother, kind, father, doubt",4,"dismal, ill, bad, cough",3,"cheerful, art, shot",12,"time, immediately, anxiety, arrive, mother, art, start, nervous, vacation, fun, clock, arrival",-5,Negative
sunday july 12 1942,friday august 14 1942,7,"sweet, deal, diary, mother, birthday, praised, amusing",3,"broke, shell, wound",2,"shell, wound",5,"shell, wound, dangerous, broke, war",6,"fill, sweet, deal, diary, mother, fact",0,,4,"shell, birthday, sweet, deal",6,"time, sweet, deal, mother, birthday, start",9,Positive
friday august 14 1942,friday august 21 1942,4,"vivid, found, amusement, kind",7,"interested, leave, deserted, cross, distraught, unrest, late",2,"cross, deserted",8,"thirteenth, deserted, cross, unrest, afraid, horrified, harm, military",8,"frank, divan, word, kind, civilization, planning, found, officer",3,"boy, interested, deserted",3,"leave, suddenly, surprised",3,"planning, coming, thought",-5,Negative
friday august 21 1942,wednesday september 2 1942,4,"helpful, nap, jump, special",3,"dreadful, mad, obnoxious",5,"dreadful, mad, obnoxious, spite, hot",4,"dreadful, change, mad, hiding",3,"helpful, secret, father",4,"dreadful, boy, mad, obnoxious",0,,3,"dreadful, start, thought",-6,Negative
wednesday september 2 1942,monday september 21 1942,9,"mother, excellent, save, darling, found, friendly, special, treasure, surprise",12,"wasting, shell, interested, falling, wound, leave, worry, ill, hell, napkin, sullen, blue",13,"shell, wound, shock, argument, fight, punishment, ill, kicking, words, hell, friction, bear, sullen",17,"abominable, wasting, shell, wound, shock, worry, fight, difficult, mum, ill, hiding, harm, afraid, punishment, hell, surprise, bear",14,"word, mother, explain, excellent, save, darling, friendly, treasure, agreed, routine, father, found, account, school",6,"abominable, wasting, interested, punishment, ill, hell",7,"shell, surprising, catch, shock, leave, suddenly, surprise",10,"immediately, time, mother, worry, friendly, treasure, thought, long, coming, happen",-15,Highly Negative
monday september 21 1942,friday september 25 1942,6,"tree, safe, laugh, pretty, wonderful, food",4,"unbearable, forgotten, ill, bottom",4,"tree, ill, thump, words",3,"war, forgotten, ill",15,"series, safe, tree, divan, wear, pretty, exchange, real, wonderful, father, food, dictionary, fact, school, general",4,"unbearable, spoil, tree, ill",4,"laugh, tree, wonderful, trick",5,"expecting, tree, begun, pretty, contingent",11,Highly Positive
friday september 25 1942,sunday september 27 1942,11,"prosperous, laugh, mother, alive, love, friend, fun, hilarity, giggle, amusing, saintly",1,pathetic,1,nuisance,1,afraid,11,"committee, advise, fill, alive, mother, friend, real, father, patience, fact, saintly",2,"pathetic, impolite",3,"laugh, suddenly, saintly",7,"time, alive, mother, letter, fun, patience, saintly",24,Highly Positive
sunday september 27 1942,tuesday september 29 1942,18,"daughter, true, kind, pleasant, perfection, mother, grin, hope, delight, laugh, finally, luck, special, good, goodness, silly, magnificent, jump",18,"failure, concerned, scold, sentence, fell, fat, leave, black, moody, ill, bad, criticize, lose, defeated, doomed, upset, case, terribly",23,"sentence, annoying, bad, words, bear, lose, ridiculous, criticize, rage, bickering, interminable, moody, barbaric, quarrel, upset, defense, scold, agitated, ill, tirade, hit, hot, lying",19,"failure, compassion, sentence, bad, war, bear, defend, lose, criticize, change, alien, shaking, doomed, barbaric, case, concerned, defense, scold, ill",22,"usual, frank, pleasant, dare, hope, finally, good, agreed, father, show, true, kind, perfection, explain, modest, fact, grin, magnificent, account, mother, goodness, constantly",16,"failure, vulgar, scold, sentence, bickering, fat, finally, alien, ill, bad, lose, tirade, ridiculous, barbaric, lying, criticize",12,"perfection, pleasant, grin, laugh, leave, hope, luck, finally, good, goodness, lose, magnificent",20,"sentence, daily, pleasant, dare, hope, finally, good, long, time, perfection, patient, grin, luck, delight, interminable, magnificent, defense, mother, goodness, thought",-16,Highly Negative
tuesday september 29 1942,thursday october 1 1942,5,"kind, pleasant, mother, amusing, lovely",9,"lower, concerned, dark, ill, difficulty, worse, sore, problem, lovely",5,"fear, ill, hot, sore, difficulty",8,"concerned, fear, difficult, ill, hiding, worse, problem, difficulty",8,"kind, pleasant, measure, mother, constant, father, calls, lovely",3,"scrub, quack, ill",2,"lovely, pleasant",8,"time, opportunity, pleasant, mother, arrival, calls, lovely, happen",-4,Negative
thursday october 1 1942,saturday october 3 1942,19,"flirt, good, food, amusing, sweet, kind, spouse, laughing, pretty, celebration, treat, perfect, paragon, witty, luck, baby, teach, laugh, mother",8,"irritation, quiet, black, treat, hell, case, pain, hideous",7,"irritation, brunt, teasing, treat, hell, jealous, bear",10,"dread, change, pain, teasing, treat, hell, case, fright, bear, hideous",17,"teach, perfect, sweet, kind, spouse, paragon, mother, chemist, virtue, pretty, constant, flirt, good, celebration, father, treat, food",5,"irritation, treat, hell, jealous, hideous",11,"teach, sweet, quicksilver, laugh, luck, flirt, good, suddenly, celebration, treat, fright",16,"time, dread, perfect, sweet, paragon, mother, luck, pretty, flirt, good, wait, celebration, treat, wont, store, coming",22,Highly Positive
saturday october 3 1942,wednesday october 7 1942,8,"money, tree, diary, mother, silly, pretty, finally, volunteer",8,"horror, cry, dying, sick, fall, ill, horrors, awful",10,"money, tree, horror, dying, slap, dislike, threatening, force, ill, awful",10,"horror, dying, threatening, force, ill, horrors, hide, lines, volunteer, awful",9,"ground, money, tree, frank, diary, mother, pretty, finally, volunteer",9,"tree, horror, dying, sick, dislike, finally, threatening, ill, awful",5,"money, tree, horror, slap, finally",9,"time, tree, money, mother, pretty, finally, thought, volunteer, coming",-11,Highly Negative
wednesday october 7 1942,wednesday october 14 1942,10,"money, cream, true, diary, white, good, wonderful, young, humanity, generous",19,"depressing, fatal, die, bad, depart, dismal, impossible, death, fall, execution, prisoner, terrible, distraught, case, blue, bomb, ill, horrors, crippled",14,"money, death, bomb, prisoner, fatal, horrible, terrible, execution, sneak, punishment, glaring, ill, bad, grab",18,"dismal, death, bomb, prisoner, fatal, horrible, terrible, die, execution, escape, sneak, punishment, ill, bad, horrors, forced, hide, case",14,"money, leading, true, diary, white, execution, manage, good, cap, wonderful, innocent, humanity, generous, school",10,"dismal, depressing, death, toilet, prisoner, horrible, terrible, punishment, ill, bad",8,"money, death, cream, bomb, sneak, good, wonderful, young",13,"money, time, death, cream, daily, white, await, escape, good, cap, young, depart, long",-24,Highly Negative
wednesday october 14 1942,tuesday october 20 1942,8,"diary, mother, progress, friendly, good, fun, found, green",4,"problem, awful, older, wretched",5,"furious, words, storm, lying, awful",4,"problem, mysterious, awful, lines",12,"author, governess, frank, diary, grammar, mother, friendly, good, father, found, fact, green",5,"ugly, furious, wretched, lying, awful",2,"good, mysterious",8,"time, mother, progress, friendly, good, thought, fun, mysterious",10,Positive
tuesday october 20 1942,thursday october 29 1942,6,"kind, white, delicious, wonderful, fun, glad",6,"darkness, quiet, leave, dark, interrupted, unpleasant",3,"darkness, scare, fear",8,"warn, darkness, fire, fear, scare, stranger, hiding, shaking",12,"usual, fill, secret, kind, divan, explain, white, honor, fuse, wonderful, father, warn",1,unpleasant,5,"leave, scare, suddenly, wonderful, warn",9,"time, white, scare, thought, fun, glad, warn, long, coming",9,Positive
thursday october 29 1942,monday november 2 1942,5,"devout, mother, good, beautiful, lovely",7,"leave, abandon, worried, moan, groan, lovely, measles",1,words,6,"abandon, nervous, moan, hearing, fever, measles",8,"fill, devout, mother, planning, fairly, good, father, lovely",2,"groan, measles",3,"good, leave, lovely",9,"time, devout, mother, planning, good, nervous, start, lovely, tomorrow",6,Positive
monday november 2 1942,thursday november 5 1942,8,"kind, diary, yearning, mother, love, special, fun, affection",4,"longing, crazy, bad, awful",3,"crazy, bad, awful",4,"change, crazy, bad, awful",10,"kind, frank, diary, mother, yearning, important, father, innocent, trust, affection",2,"bad, awful",0,,8,"time, longing, yearning, mother, wait, start, fun, long",13,Highly Positive
thursday november 5 1942,saturday november 7 1942,6,"mother, finally, special, success, sweetheart, happy",2,"sweetheart, irritation",1,irritation,0,,6,"frank, word, mother, finally, sweetheart, happy",2,"irritation, finally",1,finally,5,"mother, finally, success, sweetheart, happy",12,Highly Positive
saturday november 7 1942,tuesday november 10 1942,25,"beautiful, weight, deal, happy, good, satisfied, food, true, optimism, feeling, child, jump, diary, present, beauty, darling, comfort, baby, god, clown, laughter, mother, pay, surprise, affection",18,"sarcasm, scold, weight, falling, ache, broke, cross, feeling, unable, meaningless, black, ill, bottom, illness, suffering, despair, choke, adrift",16,"injustice, blame, contempt, scold, carelessness, sarcasm, attack, clash, cross, feeling, ill, choke, jealous, despair, confront, vent",16,"contempt, scold, weight, attack, stunned, broke, cross, feeling, flying, ill, illness, suffering, surprise, despair, god, adrift",27,"weight, deal, good, father, food, deed, true, optimism, explain, serve, feeling, real, top, advise, secret, affection, diary, present, darling, comfort, intact, god, provide, mother, retain, pay, happy",11,"contempt, blame, carelessness, scold, sarcasm, weight, feeling, ill, suffering, jealous, despair",12,"clown, weight, laughter, deal, optimism, stunned, present, feeling, good, differently, judgment, surprise",20,"weight, daily, deal, good, time, optimism, feeling, patient, top, child, present, comfort, god, clown, laughter, mother, pay, coming, happy, adrift",11,Highly Positive
tuesday november 10 1942,thursday november 12 1942,2,"food, excellent",4,"dreadful, shell, quiet, worse",2,"dreadful, shell",6,"dreadful, dangerous, shell, hiding, afraid, worse",5,"fill, excellent, planning, father, food",1,dreadful,1,shell,4,"dreadful, plan, planning, thought",-2,Negative
thursday november 12 1942,tuesday november 17 1942,1,pleased,2,"delay, dark",1,delay,2,"delay, hiding",2,"accounts, father",1,delay,0,,4,"arrive, long, thought, wait",1,Positive
tuesday november 17 1942,thursday november 19 1942,12,"star, beautiful, nap, civilized, classics, respect, music, goodness, special, surprise, lovely, advance",8,"rumor, quiet, music, unable, remove, owing, dispossessed, lovely",4,"owing, dispossessed, vermin, remove",8,"escape, remove, suspense, owing, vermin, surprise, dispossessed, advance",13,"star, prepared, civilized, truth, frank, secret, respect, goodness, guide, owing, management, officer, lovely",2,"owing, vermin",5,"goodness, suspense, surprise, lovely, advance",19,"prepared, daily, await, escape, suspense, advance, star, time, expecting, owing, track, correspondence, lovely, immediately, respect, goodness, thought, production, coming",22,Highly Positive
thursday november 19 1942,friday november 20 1942,6,"laugh, save, good, honest, delighted, green",12,"slave, death, sacrifices, turmoil, sick, exhaustion, gray, honest, worried, crying, hell, suffering",6,"slave, bully, death, turmoil, honest, hell",16,"change, slave, bully, death, sacrifices, turmoil, stalk, escape, frightened, honest, hiding, lines, hell, suffering, military, wicked",8,"ground, save, good, honest, father, innocent, fact, green",8,"death, toilet, sacrifices, sick, gray, honest, hell, suffering",8,"catch, surprised, death, laugh, frightened, good, delighted, sudden",10,"time, immediately, death, exhaustion, fate, escape, good, delighted, thought, long",-18,Highly Negative
friday november 20 1942,monday december 7 1942,11,"lucky, kind, laughing, mother, laugh, feeling, finally, good, adore, young, cheerful",17,"gloom, dreadful, crazy, gloomy, scarcity, deserted, feeling, unhappy, dark, wanting, bad, bottom, crying, badly, suffering, cry, misery",12,"dreadful, crazy, react, scarcity, ungrateful, deserted, teasing, feeling, unhappy, riot, bad, misery",14,"dreadful, crazy, react, scarcity, deserted, teasing, feeling, riot, avoid, bad, harm, misery, suffering, taboo",18,"law, usual, continue, secret, kind, mother, economy, feeling, personal, finally, good, count, adore, center, father, advise, calls, account",11,"dreadful, ungrateful, deserted, finally, feeling, unhappy, gruesome, bad, misery, suffering, taboo",8,"lucky, laugh, feeling, finally, differently, good, young, cheerful",17,"time, dreadful, attempt, continue, begun, mother, feeling, finally, calls, good, adore, start, recipient, thought, young, long, result",-8,Negative
monday december 7 1942,thursday december 10 1942,8,"money, celebrated, good, gift, wonderful, fun, doll, sing",3,"darkness, sing, black",2,"money, darkness",1,darkness,6,"money, good, wonderful, father, cabinet, sing",0,,5,"money, curiosity, good, gift, wonderful",9,"time, money, curiosity, celebrated, good, gift, fun, long, sing",17,Highly Positive
thursday december 10 1942,sunday december 13 1942,9,"laughter, deal, mother, sunshine, delight, finally, fun, food, found",12,"bloody, wince, concerned, bothering, remove, ill, victim, fat, pain, broken, rheumatism, case",12,"bloody, wince, bothering, force, remove, ill, screaming, victim, kicking, butcher, broken, rheumatism",15,"bloody, wince, concerned, examination, infection, force, remove, ill, screaming, victim, butcher, pain, broken, rheumatism, case",7,"ground, deal, mother, planning, finally, food, found",7,"bloody, wince, fat, finally, ill, screaming, butcher",5,"laughter, deal, examination, finally, mouth",12,"time, laughter, deal, importance, mother, planning, delight, patient, finally, fun, coming, audience",-18,Highly Negative
sunday december 13 1942,tuesday december 22 1942,3,"food, feeling, green",4,"fat, feeling, misfortune, grim",4,"bark, feeling, politics, grim",5,"change, misfortune, feeling, rod, grim",5,"feeling, real, rod, food, green",5,"feeling, slum, dirty, fat, grim",2,"feeling, trip",4,"grim, feeling, neighborhood, tomorrow",-6,Negative
tuesday december 22 1942,wednesday january 13 1943,11,"lucky, kind, receiving, peace, mother, good, delighted, clean, glad, cheerful, dawn",5,"hanging, black, torment, ill, abandoned",8,"pound, abandoned, hanging, torment, ill, disgusting, lying, revenge",9,"abandoned, hanging, government, torment, ill, hiding, disgusting, war, revenge",8,"kind, peace, mother, good, vigorous, clean, constantly, dawn",5,"egotistical, hanging, ill, disgusting, lying",7,"lucky, receiving, good, delighted, cheerful, dawn, revenge",10,"time, receiving, peace, mother, good, delighted, glad, long, dawn, revenge",2,Positive
wednesday january 13 1943,saturday january 30 1943,6,"money, cash, safe, kind, shopping, food",9,"beg, death, conflict, terrible, interrupted, bad, miserable, suffering, helpless",9,"money, cash, death, fear, conflict, terrible, bad, selfish, miserable",9,"cash, death, fear, conflict, terrible, bad, suffering, war, helpless",9,"money, cash, safe, fill, kind, shopping, constantly, food, school",7,"death, terrible, soil, bad, selfish, miserable, suffering",3,"money, shopping, death",8,"money, time, cash, death, begun, wait, shopping, neighborhood",-11,Highly Negative
saturday january 30 1943,friday february 5 1943,5,"laugh, mother, treat, child, god",10,"impossible, leave, nasty, ill, treat, forgotten, sympathy, cry, case, mocking",11,"contempt, scream, rage, derision, nasty, ill, selfish, words, venomous, treat, mocking",12,"contempt, scream, suspect, cowardly, nasty, ill, treat, venomous, shaking, case, forgotten, god",4,"mother, treat, god, father",9,"contempt, scream, derision, nasty, ill, selfish, treat, venomous, mocking",5,"scream, laugh, leave, suddenly, treat",5,"mother, treat, child, long, god",-28,Highly Negative
friday february 5 1943,saturday february 27 1943,7,"laugh, mother, laughing, young, entertaining, hilarity, elegant",5,"danger, misfortune, quiet, unable, unpleasant",3,"tension, defense, words",5,"change, defense, danger, misfortune, warn",6,"mother, mediate, sir, father, warn, fact",2,"unpleasant, toilet",3,"laugh, warn, young",9,"defense, mother, mediate, wait, young, thought, entertaining, warn, long",7,Positive
saturday february 27 1943,thursday march 4 1943,5,"freedom, champion, good, goodness, beautiful",3,"case, unfair, late",5,"invasion, unfair, argument, fight, words",4,"case, pneumonia, fight, afraid",9,"author, episcopal, freedom, secret, champion, good, goodness, father, fellow",2,"unfair, brothel",3,"good, guess, goodness",5,"expecting, champion, good, goodness, letter",5,Positive
thursday march 4 1943,wednesday march 10 1943,5,"money, silly, good, pay, food",2,"sick, black",5,"money, bombardment, brimstone, words, ridiculous",5,"bombardment, fire, brimstone, hiding, afraid",8,"ground, money, explain, agreement, good, father, pay, food",4,"ridiculous, sneeze, sick, cough",3,"good, money, sneeze",6,"money, good, thought, pay, long, coming",3,Positive
wednesday march 10 1943,friday march 12 1943,6,"safe, mother, white, comfort, fun, dawn",8,"impossible, fell, dark, bad, uninvited, worse, pain, awful",6,"shooting, annoyance, fear, shock, bad, awful",12,"fire, shooting, fear, shock, ghostly, frightened, bad, afraid, worse, rat, pain, awful",7,"safe, secret, mother, white, comfort, father, dawn",4,"bad, awful, annoyance, rat",4,"shock, dawn, suddenly, frightened",8,"time, mother, white, wait, comfort, thought, fun, dawn",-9,Negative
friday march 12 1943,thursday march 18 1943,8,"victor, mother, good, honest, amuse, cheerful, food, emancipation",7,"shortage, sick, terrible, black, honest, hell, worn",6,"shortage, aggressor, terrible, politics, honest, hell",7,"aggressor, terrible, shortage, honest, hiding, hell, war",6,"frank, mother, good, honest, food, fact",4,"hell, honest, sick, terrible",2,"cheerful, good",6,"time, ultimately, mother, good, start, emancipation",-4,Negative
thursday march 18 1943,friday march 19 1943,1,excitement,0,,0,,1,war,0,,0,,1,excitement,1,excitement,1,Positive
friday march 19 1943,thursday march 25 1943,6,"money, proud, kind, joy, compensate, pay",13,"wound, rumor, missing, inferior, black, disappoint, ill, invalid, pathetic, damages, lax, hideous, terribly",4,"money, disappoint, ill, wound",7,"wound, missing, ill, hiding, shaking, war, hideous",10,"money, show, proof, kind, proud, provide, compensate, father, pay, teacher",4,"disappoint, ill, pathetic, hideous",2,"money, compensate",9,"money, time, proud, compensate, correspondence, thought, pay, long, coming",-3,Negative
thursday march 25 1943,saturday march 27 1943,8,"safe, pleasant, laugh, mother, white, finally, excitement, found",5,"danger, falling, quiet, mistake, problem",4,"tension, kicking, armed, words",11,"armed, burglar, danger, police, cautiously, suspense, nervous, forced, jeopardy, warn, problem",13,"safe, pleasant, mother, white, expect, finally, agreed, father, warn, found, police, fact, account",5,"burglar, excrement, toilet, cough, finally",9,"incident, pleasant, laugh, expect, finally, suspense, suddenly, excitement, warn",15,"time, immediately, begun, pleasant, mother, white, expect, finally, suspense, nervous, jeopardy, thought, excitement, warn, importance",11,Highly Positive
saturday march 27 1943,thursday april 1 1943,4,"good, appreciation, labor, fancy",4,"sick, neglected, sabotage, ill",3,"sabotage, neglected, ill",4,"sabotage, ill, fire, police",8,"appreciation, county, labor, exchange, good, important, top, police",5,"sick, nose, sabotage, ill, neglected",4,"good, labor, mouth, sabotage",5,"time, labor, good, fancy, top",1,Positive
thursday april 1 1943,friday april 2 1943,2,"merry, sunshine",8,"bothering, fell, agony, surgery, ulcer, hospital, lie, forgotten",6,"bothering, fear, agony, ulcer, bout, lie",8,"flu, fear, agony, surgery, ulcer, hospital, shaking, forgotten",5,"continue, word, important, father, hospital",3,"stomach, lie, ulcer",1,quote,4,"time, continue, thought, quote",-14,Highly Negative
friday april 2 1943,tuesday april 27 1943,4,"mother, pray, feeling, love",10,"cruel, apologize, coldness, cross, feeling, unkind, reject, pain, sorrow, shrink",10,"cruel, coldness, cross, feeling, angry, cruelly, words, unkind, reject, lying",11,"cruel, pray, coldness, cross, feeling, cruelly, unkind, reject, pain, sorrow, shrink",8,"apologize, pray, truth, dare, continue, mother, feeling, father",6,"cruel, coldness, feeling, angry, unkind, lying",3,"pray, feeling, suddenly",7,"time, pray, continue, dare, mother, feeling, happen",-18,Highly Negative
tuesday april 27 1943,saturday may 1 1943,3,"good, mother, food",8,"mad, bleeding, terrible, beating, complain, destroyed, bitterly, terrific",7,"mad, invasion, terrible, beating, complain, destroyed, bitterly",7,"mad, trembling, fire, bleeding, terrible, beating, destroyed",6,"county, mother, good, top, father, food",5,"mad, bleeding, terrible, stomach, bitterly",1,good,6,"daily, mother, good, top, long, neighborhood",-12,Highly Negative
saturday may 1 1943,sunday may 2 1943,8,"respect, silly, darling, save, shopping, excited, chocolate, found",4,"badly, sick, case, stingy",4,"martial, destruction, disgraceful, stingy",3,"flee, case, stingy",8,"law, respect, darling, save, shopping, excited, chocolate, found",5,"disgraceful, sick, sticky, stomach, stingy",2,"shopping, excited",5,"time, respect, shopping, excited, chocolate",5,Positive
sunday may 2 1943,sunday may 2 1943,4,"mother, hope, clean, respect",4,"ill, sunk, worn, frayed",2,"possession, ill",5,"sunk, ill, hiding, possession, war",8,"spotless, respect, wear, mother, hope, clean, father, cover",4,"stomach, possession, ill, sunk",1,hope,4,"long, hope, mother, respect",1,Positive
sunday may 2 1943,tuesday may 18 1943,7,"money, respect, mother, hope, good, clean, beautiful",7,"sunk, frayed, sorrow, ill, pain, worn, doubt",8,"money, fear, politics, contradict, tension, ill, ridiculous, possession",12,"sunk, fear, pain, forced, ill, hiding, hide, afraid, possession, war, sorrow, doubt",21,"spotless, assure, frank, hope, good, father, money, law, wear, optimist, gentleman, clean, cover, word, majesty, account, general, respect, mother, count, doubt",5,"sunk, stomach, ill, ridiculous, possession",4,"good, money, hope, surprising",9,"time, money, immediately, respect, mother, hope, good, expectation, long",5,Positive
tuesday may 18 1943,sunday june 13 1943,11,"welcomed, laughter, spouse, labor, mother, glow, comfort, approve, child, youth, jump",6,"death, penalty, injured, unable, trash, sympathize",7,"carelessness, death, shooting, penalty, words, hot, youth",7,"death, shooting, obey, penalty, injured, police, youth",14,"crew, statement, official, obey, spouse, labor, mother, glow, allied, comfort, approve, police, conscience, pilot",4,"carelessness, death, trash, garbage",5,"death, laughter, labor, suddenly, youth",10,"seek, death, laughter, labor, glow, mother, comfort, thought, child, youth",11,Highly Positive
sunday june 13 1943,tuesday june 15 1943,7,"proud, peace, birthday, treat, favorite, food, lovely",6,"wasting, dispel, boredom, treat, plight, lovely",2,"bear, treat",5,"wasting, difficult, treat, plight, bear",10,"usual, proud, peace, wear, pill, favorite, treat, father, food, lovely",3,"wasting, treat, plight",3,"birthday, lovely, treat",7,"time, proud, peace, birthday, treat, plight, lovely",8,Positive
tuesday june 15 1943,sunday july 11 1943,7,"money, cheer, spirits, good, baby, grow, beautiful",11,"cancer, worse, death, hate, ulcer, dreary, ill, pointless, lose, hospital, error",7,"cancer, money, death, hate, ulcer, ill, lose",10,"operation, cancer, worse, death, hate, ulcer, ill, hiding, lose, hospital",7,"operation, money, cheer, grow, hospital, good, cabinet",6,"cancer, death, hate, ulcer, ill, lose",6,"money, cheer, death, spirits, good, lose",8,"money, cheer, death, spirits, grow, good, approaching, store",-12,Highly Negative
sunday july 11 1943,tuesday july 13 1943,11,"kind, deal, helpful, mother, friendly, remarkable, humorous, shopping, glad, approve, child",5,"impossible, unfair, gray, unable, difficulties",3,"unfair, mule, anger",2,"hearing, hiding",11,"mule, deal, kind, helpful, mother, friendly, remarkable, important, shopping, approve, weigh",3,"sour, gray, unfair",3,"shopping, remarkable, deal",12,"time, immediately, deal, mother, ready, friendly, shopping, thought, glad, child, long, weigh",21,Highly Positive
tuesday july 13 1943,friday july 16 1943,7,"smile, deal, kind, finally, good, triumph, food",7,"refused, ill, pointless, mug, hell, upset, sullen",11,"wrath, rage, intruder, contradict, ill, smack, mug, words, upset, hell, sullen",6,"change, wrath, intruder, ill, mug, hell",14,"smile, prepared, deal, kind, frank, elder, finally, fairly, good, agreed, father, food, doctor, advice",4,"hell, ill, finally, ugly",5,"smile, deal, intruder, finally, good",10,"time, prepared, deal, opportunity, finally, wait, good, triumph, thought, long",3,Positive
friday july 16 1943,friday july 23 1943,5,"cash, deal, luck, excitement, glad",4,"shiver, quiet, dull, unsuccessful",5,"cash, shiver, destruction, gang, indignant",6,"cash, burglar, shiver, forced, gang, stealing",3,"cash, usual, deal",3,"stealing, burglar, bombed",3,"luck, excitement, deal",11,"time, immediately, attempt, cash, deal, shiver, luck, letter, excitement, glad, approaching",1,Positive
friday july 23 1943,monday july 26 1943,4,"mother, freely, fun, overjoyed",5,"dying, gray, fat, worthless, lie",5,"dying, spite, words, worthless, lie",4,"homework, hiding, dying, lines",7,"mother, freely, real, father, advised, bargain, school",5,"dying, gray, fat, worthless, lie",0,,3,"long, mother, fun",-5,Negative
monday july 26 1943,thursday july 29 1943,10,"rising, kind, joy, peace, hope, finally, good, excitement, wonderful, food",7,"resigned, wound, falling, fell, stroke, shot, awful",8,"wound, tumultuous, raid, smell, stolen, hit, shot, awful",18,"dangerous, wound, watch, fire, tumultuous, siren, raid, warning, flying, stroke, escape, government, alarm, suspense, shot, shaking, war, awful",10,"kind, assure, peace, hope, finally, good, harbor, wonderful, father, food",4,"finally, smell, awful, bombed",9,"raid, hope, finally, good, alarm, suspense, excitement, wonderful, shot",14,"airport, time, watch, rising, peace, hope, finally, escape, good, suspense, excitement, thought, long, coming",-3,Negative
thursday july 29 1943,tuesday august 3 1943,8,"excellent, mother, friendly, love, good, young, fun, enjoy",6,"unimportant, quiet, fall, unable, older, bad",6,"rage, tirade, bad, words, disagree, despicable",4,"avoid, difficult, bad, prejudiced",7,"excellent, mother, friendly, good, enjoy, theory, recommend",7,"ugly, egotistical, prejudiced, boy, tirade, bad, despicable",3,"good, catch, young",10,"hurry, mother, friendly, good, young, thought, fun, long, enjoy, theory",2,Positive
tuesday august 3 1943,thursday august 5 1943,8,"safe, perfect, deal, white, birthday, fun, food, beautiful",13,"lower, fell, bomb, quiet, fall, black, remove, dark, ill, worse, broken, case, strip",15,"shooting, bomb, raid, spat, politics, angry, fight, fighting, hot, remove, ill, suspicious, ridiculous, broken, shrill",17,"gasping, bomb, shooting, raid, fight, remove, alarm, ill, courageous, hiding, worse, shaking, case, war, broken, cowardly, shrill",15,"grit, safe, perfect, continue, dare, deal, divan, majesty, larger, white, harbor, real, father, calls, food",7,"larger, flea, angry, unsightly, ill, ridiculous, indecent",9,"deal, bomb, raid, larger, occasional, exclaim, birthday, alarm, shrill",14,"time, perfect, continue, deal, opportunity, dare, white, birthday, suspicious, calls, start, fun, clock, long",-15,Highly Negative
thursday august 5 1943,saturday august 7 1943,6,"peace, mother, excellent, glee, companion, food",3,"quiet, missing, late",1,gang,4,"shady, gang, homework, missing",8,"divan, peace, mother, excellent, constant, companion, father, food",0,,1,break,5,"time, peace, mother, clock, long",11,Highly Positive
saturday august 7 1943,monday august 9 1943,0,,0,,0,,0,,0,,0,,0,,0,,0,Neutral
monday august 9 1943,tuesday august 10 1943,12,"smile, nap, kind, mother, share, good, goodness, young, fun, favorite, cheerful, food",8,"concerned, interested, quiet, black, guilty, interrupted, bad, case",4,"guilty, hiss, bad, fight",6,"hiss, concerned, watch, fight, bad, case",16,"suggest, smile, continue, frank, kind, word, mother, share, good, goodness, favorite, father, modest, calls, food, advice",2,"interested, bad",5,"smile, good, goodness, young, cheerful",10,"watch, continue, mother, long, share, good, goodness, young, fun, calls",18,Highly Positive
tuesday august 10 1943,monday august 23 1943,15,"freedom, mother, white, luck, art, achieve, good, comfort, pleased, glad, accomplished, favorite, heavenly, beautiful, sweetheart",18,"impossible, unlucky, danger, hurt, bomb, quiet, leave, art, crying, blunder, ill, bad, bottom, worse, lost, sweetheart, case, doubt",9,"invasion, unlucky, hurt, bomb, fight, angry, ill, tirade, bad",16,"change, unlucky, danger, hurt, bomb, bait, fight, avoid, ill, bad, worse, case, escaped, war, tactics, doubt",19,"continue, frank, good, agreement, father, top, favorite, cabinet, calls, achieve, comfort, freedom, bait, mother, white, heavenly, sweetheart, tactics, doubt",8,"unlucky, gutter, blunder, angry, ill, tirade, bad, dirty",6,"bomb, luck, leave, slip, art, good",18,"time, continue, daily, mother, white, luck, art, good, comfort, top, thought, glad, clock, heavenly, calls, sweetheart, neighborhood, tomorrow",1,Positive
monday august 23 1943,friday september 10 1943,2,"good, mother",4,"disappointed, quiet, die, stroke",2,"disappointed, shove",3,"nervous, die, stroke",6,"mother, manage, good, top, father, dictionary",2,"disappointed, toilet",2,"good, suddenly",8,"time, mother, good, nervous, top, clock, long, forming",5,Positive
friday september 10 1943,thursday september 16 1943,12,"raving, pleasant, truce, mother, delight, save, special, amazingly, wonderful, cheerful, sun, god",5,"sick, unpleasant, hospital, pain, treachery",2,"raving, treachery",8,"operation, raving, difficult, hospital, pain, war, god, treachery",11,"operation, truce, pleasant, mother, save, errand, wonderful, hospital, sun, fact, god",3,"stomach, sick, unpleasant",7,"raving, pleasant, amazingly, wonderful, cheerful, sun, treachery",10,"time, raving, daily, announcement, pleasant, mother, delight, errand, sun, god",15,Highly Positive
thursday september 16 1943,wednesday september 29 1943,4,"laugh, food, possess, brighten",10,"wound, anxiety, leave, die, depression, touchy, miserable, worse, forgotten, sorrow",7,"wound, anxiety, fight, touchy, suspicious, miserable, resent",12,"cautious, terror, wound, anxiety, sag, warned, die, fight, avoid, worse, forgotten, sorrow",7,"cautious, negotiate, possess, brighten, unreliable, food, fact",1,miserable,7,"laugh, curiosity, leave, warned, slip, brighten, mouth",8,"cautious, time, anxiety, curiosity, possess, warned, suspicious, thought",-11,Highly Negative
wednesday september 29 1943,sunday october 17 1943,6,"sweet, kind, mother, friendly, shopping, food",5,"crazy, sick, leave, disappointed, shrink",5,"crazy, annoyance, deserve, argument, disappointed",2,"shrink, crazy",10,"usual, sweet, kind, mother, accord, friendly, deserve, shopping, father, food",3,"disappointed, sick, annoyance",3,"leave, shopping, sweet",6,"time, sweet, mother, deserve, friendly, shopping",7,Positive
sunday october 17 1943,wednesday november 3 1943,9,"money, lucky, sweet, laughter, mother, darling, goodness, pay, reconciliation",20,"oppressive, bleeding, broke, kill, dark, bottom, thief, unable, problem, cage, shortage, terrible, miserable, crying, lost, hell, lie, awful, case, sluggish",17,"money, oppressive, row, fear, profanity, bickering, shortage, terrible, tension, stolen, screaming, miserable, lie, thief, raging, hell, awful",20,"oppressive, bleeding, broke, suspicion, kill, thief, war, problem, shortage, terrible, screaming, hell, awful, case, fear, difficult, alarm, nervous, hearing, raging",13,"money, sweet, truth, divan, mother, darling, honorable, goodness, father, pay, fact, reconciliation, cover",12,"oppressive, bleeding, bickering, terrible, stomach, screaming, miserable, lie, thief, raging, hell, awful",7,"money, lucky, sweet, laughter, goodness, alarm, thief",10,"money, time, sweet, laughter, mother, goodness, nervous, pay, long, reconciliation",-37,Highly Negative
wednesday november 3 1943,thursday november 11 1943,9,"liking, safe, true, peace, mother, white, beauty, finally, pay",8,"danger, spinster, darkness, quiet, black, dark, cry, blue",5,"carelessness, darkness, fear, fighting, menacing",12,"danger, spinster, hag, neurotic, fire, fear, darkness, cowardice, hiding, afraid, war, menacing",20,"finally, father, testament, budget, impenetrable, dictionary, safe, true, gentleman, calls, fact, lesson, dependent, peace, planning, liking, mother, white, pay, school",6,"dirt, carelessness, hag, neurotic, finally, stomach",1,finally,15,"lesson, time, peace, mother, long, planning, white, finally, develop, pay, testament, calls, result, approaching, happen",13,Highly Positive
thursday november 11 1943,wednesday november 17 1943,7,"proud, splendid, mother, enjoying, treasure, wonderful, surprise",7,"ashes, fell, quiet, remove, shot, vanished, case",3,"stone, shot, remove",8,"flu, gasping, remove, forced, shot, surprise, vanished, case",12,"frank, proud, mother, enjoying, treasure, honor, confirmed, wonderful, title, father, teacher, school",1,dirt,6,"splendid, chance, wonderful, shot, surprise, vanished",4,"enjoying, treasure, mother, proud",4,Positive
wednesday november 17 1943,saturday november 27 1943,6,"witty, mother, laugh, finally, shopping, treat",4,"owing, reproach, treat, miserable",5,"accusation, owing, reproach, treat, miserable",4,"warn, difficult, owing, treat",10,"explain, mother, finally, owing, honor, shopping, treat, warn, fixed, fact",6,"finally, accusation, owing, reproach, treat, miserable",5,"laugh, finally, shopping, treat, warn",9,"time, opportunity, mother, finally, owing, shopping, thought, treat, warn",6,Positive
saturday november 27 1943,monday december 6 1943,10,"pray, devout, feeling, love, share, honest, comfort, treat, rescue, god",15,"sadness, falling, deserted, die, feeling, honest, ill, reproach, awful, treat, deadly, hell, suffering, worn, late",9,"feeling, deserted, honest, ill, reproach, deadly, treat, hell, awful",17,"compassion, watch, pray, deserted, die, feeling, haunt, difficult, honest, ill, deadly, treat, hell, suffering, war, awful, god",12,"sadness, pray, devout, feeling, share, honest, comfort, religion, treat, rescue, understanding, god",11,"rags, deserted, feeling, honest, ill, reproach, deadly, treat, hell, suffering, awful",6,"pray, occasional, feeling, suddenly, treat, rescue",10,"pray, watch, devout, feeling, fate, share, comfort, treat, rescue, god",-20,Highly Negative
monday december 6 1943,friday december 24 1943,12,"spirits, laughter, kind, optimism, peace, mother, present, tickle, gift, hopeful, food, happy",12,"dreadful, isolation, unhealthy, subjected, quiet, sick, terrible, blue, refused, illness, case, doubt",6,"averse, dreadful, terrible, bout, hot, lying",13,"averse, flu, dreadful, unhealthy, terrible, medical, hearing, fever, illness, war, contagious, case, doubt",17,"kind, optimism, word, blanket, thermometer, peace, mother, present, tickle, medical, top, hopeful, school, food, doctor, happy, doubt",8,"averse, dreadful, unhealthy, sick, terrible, cough, lying, contagious",7,"spirits, laughter, optimism, present, tickle, gift, hopeful",16,"time, dreadful, spirits, laughter, optimism, peace, mother, present, tickle, gift, medical, top, thought, hopeful, long, happy",6,Positive
friday december 24 1943,monday december 27 1943,9,"dance, kind, laugh, mother, feeling, good, intimate, young, fun",11,"worse, worry, feeling, crying, unhappy, ill, discontent, badly, despair, cry, case",8,"ungrateful, feeling, unhappy, ill, words, discontent, unjust, despair",8,"worse, worry, feeling, difficult, ill, discontent, despair, case",11,"show, dance, kind, word, mother, feeling, good, intimate, honor, top, school",6,"ungrateful, feeling, unhappy, ill, discontent, despair",4,"good, feeling, laugh, young",13,"time, mother, worry, patient, feeling, good, intimate, top, young, fun, long, coming, happen",0,Neutral
monday december 27 1943,wednesday december 29 1943,5,"present, peace, beer, pretty, surprise",0,,0,,1,surprise,5,"prepared, present, peace, pretty, top",0,,2,"surprise, present",6,"time, prepared, present, peace, pretty, top",15,Highly Positive
wednesday december 29 1943,thursday december 30 1943,12,"pray, loyal, faith, sweet, kind, happy, alive, save, love, good, glad, god",8,"concerned, terrible, ill, miserable, crying, suffering, awful, lonely",7,"scream, terrible, ill, spite, miserable, awful, lonely",13,"concerned, watch, loyal, scream, god, terror, pray, terrible, cowardly, ill, suffering, awful, lonely",12,"pray, loyal, faith, secret, sweet, kind, alive, happy, save, good, fact, god",7,"scream, terrible, ill, miserable, suffering, awful, lonely",5,"scream, loyal, pray, sweet, good",11,"time, watch, pray, faith, sweet, happy, alive, fate, good, glad, god",0,Neutral
thursday december 30 1943,sunday january 2 1944,4,"food, young, mother, adorable",4,"splitting, ill, fat, dark",3,"ridiculous, raging, ill",2,"raging, ill",3,"food, mother, fairly",4,"ridiculous, raging, ill, fat",1,young,2,"mother, young",-4,Negative
sunday january 2 1944,thursday january 6 1944,8,"deal, joy, diary, mother, love, tender, found, happy",8,"sarcasm, hate, hurt, offended, unhappy, unkind, suffering, sorrow",11,"sarcasm, hurt, hate, furious, offended, unhappy, violent, irritable, words, unkind, anger",9,"beastly, hate, hurt, difficult, nervous, violent, unkind, suffering, sorrow",9,"confide, deal, diary, explain, mother, tender, found, conscience, happy",8,"sarcasm, beastly, hate, furious, unhappy, violent, unkind, suffering",3,"judgment, violent, deal",7,"time, deal, mother, nervous, thought, long, happy",-12,Highly Negative
thursday january 6 1944,thursday january 6 1944,11,"ecstasy, deal, respect, laughing, mother, exquisite, feeling, art, wonderful, fun, kiss",14,"wound, terribly, quiet, feeling, embarrassment, beating, art, ill, insecure, struggle, refused, pain, discomfort, withdraw",12,"wound, restrain, rage, furious, feeling, beating, angry, ill, insecure, spite, struggle, revolt",10,"wound, restrain, embarrassment, feeling, beating, difficult, ill, struggle, pain, insecure",13,"secret, confess, respect, deal, mother, proof, accounts, feeling, agreed, wonderful, father, steady, account",5,"mess, furious, feeling, angry, ill",12,"incident, deal, curiosity, feeling, embarrassment, art, suddenly, wonderful, steady, differently, kiss, revolt",10,"time, ecstasy, deal, respect, curiosity, mother, feeling, art, fun, kiss",-7,Negative
thursday january 6 1944,friday january 7 1944,18,"ecstasy, deal, respect, laughing, mother, exquisite, unexpected, feeling, art, love, good, angel, vivid, wonderful, fun, grow, glad, kiss",23,"embarrassment, older, dark, struggle, withdraw, longing, helplessness, feeling, refused, unbearable, beg, art, pain, insecure, blue, wound, bothering, quiet, beating, ill, suffering, discomfort, terribly",14,"wound, restrain, bothering, rage, furious, feeling, beating, angry, ill, revolting, insecure, spite, struggle, revolt",15,"wound, restrain, helplessness, unexpected, embarrassment, feeling, beating, difficult, ill, revolting, struggle, afraid, suffering, pain, insecure",19,"deal, good, angel, agreed, father, show, proof, confess, divan, feeling, secret, grow, account, general, respect, mother, accounts, wonderful, steady",8,"mess, furious, feeling, angry, ill, revolting, unbearable, suffering",16,"incident, deal, curiosity, unexpected, feeling, embarrassment, art, chance, good, angel, suddenly, wonderful, steady, differently, kiss, revolt",20,"deal, good, angel, long, time, longing, curiosity, feeling, ecstasy, art, linger, glad, grow, kiss, immediately, respect, mother, unexpected, thought, fun",-3,Negative
friday january 7 1944,wednesday january 12 1944,19,"marry, admiration, good, safe, true, kind, sex, love, peaceful, smile, darling, inseparable, young, god, mother, vacation, wonderful, beautiful, happy",9,"crazy, fell, unrequited, quiet, cross, older, dark, hell, cry",6,"confusion, crazy, shout, cross, hell, jealous",6,"confusion, crazy, marry, cross, hell, god",22,"marry, aunt, admiration, good, father, safe, true, truth, sex, grammar, kind, intelligent, peaceful, school, smile, darling, inseparable, god, mother, wonderful, constantly, happy",5,"idiot, boy, nose, hell, jealous",9,"smile, marry, shout, good, mouth, sally, peaceful, young, wonderful",14,"time, immediately, marry, happy, sex, mother, good, peaceful, vacation, thought, young, long, neighborhood, god",29,Highly Positive
wednesday january 12 1944,saturday january 15 1944,10,"spirits, dance, mother, feeling, friendly, friend, good, ribbon, success, god",8,"orphan, feeling, nasty, grief, victim, worse, upset, lonely",9,"feeling, pretending, angry, nasty, victim, ribbon, bias, upset, lonely",11,"change, suspect, orphan, god, outsider, feeling, lonely, nasty, victim, worse, bewildered",11,"ensemble, god, dance, frank, mother, feeling, friendly, friend, good, top, school",4,"nasty, lonely, feeling, angry",5,"spirits, feeling, slip, good, bewildered",12,"time, spirits, mother, feeling, friendly, good, top, thought, ribbon, success, coming, god",1,Positive
saturday january 15 1944,saturday january 22 1944,10,"freedom, true, kind, present, mother, luck, birthday, good, vivid, beautiful",7,"longing, hurt, jealousy, ill, bad, stingy, awful",11,"arguments, hurt, spiteful, jealousy, ill, bad, selfish, words, stingy, jealous, awful",7,"hurt, jealousy, ill, bad, stingy, war, awful",9,"freedom, true, kind, present, frank, mother, good, father, fellow",7,"jealousy, ill, bad, selfish, stingy, jealous, awful",4,"good, luck, birthday, present",9,"time, longing, present, mother, luck, birthday, good, approaching, hungry",-4,Negative
saturday january 22 1944,monday january 24 1944,6,"tree, deal, mother, friendly, good, food",8,"concerned, shell, stingy, fault, ill, unkind, disappointed, negative",10,"arguments, shell, tree, blame, ill, selfish, words, stingy, disappointed, unkind",8,"concerned, change, shell, stingy, hide, ill, afraid, unkind",13,"impartial, tree, confide, convinced, deal, mother, friendly, good, intelligent, real, father, food, trust",7,"blame, tree, stingy, ill, selfish, unkind, disappointed",6,"tree, shell, deal, good, differently, judgment",10,"time, tree, deal, opportunity, mother, patient, friendly, good, long, coming",-4,Negative
monday january 24 1944,friday january 28 1944,9,"laughter, sex, laugh, mother, white, finally, good, young, organ",4,"accident, ill, obnoxious, unable",7,"restrain, obnoxious, accusation, ill, stolen, words, disgusting",9,"restrain, warned, ill, defend, hiding, swelling, accident, disgusting, mysterious",13,"lesson, usual, sex, word, mother, white, finally, good, father, fixed, weigh, school, advice",7,"boy, obnoxious, finally, accusation, stomach, ill, disgusting",9,"laughter, laugh, curiosity, warned, finally, good, young, accident, mysterious",18,"time, lesson, laughter, sex, curiosity, mother, white, ready, warned, finally, wait, good, young, organ, long, mysterious, weigh, happen",13,Highly Positive
friday january 28 1944,friday january 28 1944,5,"liking, money, star, pretty, happy",2,"sick, disapproval",1,money,0,,8,"liking, money, star, show, leading, respectable, pretty, happy",1,sick,2,"money, surprised",5,"star, money, time, pretty, happy",14,Highly Positive
friday january 28 1944,sunday january 30 1944,25,"joy, praised, save, good, food, generous, star, money, eager, spirits, true, pretty, childhood, love, affection, swim, young, liking, laugh, mother, pay, cheerful, beautiful, heroism, happy",8,"sick, dull, aching, disapproval, sympathize, punch, difficulties, sorrow",5,"money, politics, resistance, battle, punch",7,"frightened, military, hiding, hearing, swim, punch, sorrow",24,"save, good, food, generous, star, money, ground, show, eager, true, pretty, elders, affection, respectable, word, team, routine, liking, leading, provide, mother, pay, heroism, happy",1,sick,14,"eager, money, surprised, spirits, laugh, bizarre, frightened, good, chance, mouth, young, cheerful, punch, heroism",17,"star, money, time, eager, spirits, mother, ready, pretty, fate, await, good, track, swim, young, pay, heroism, happy",45,Highly Positive
sunday january 30 1944,thursday february 3 1944,2,"intense, god",3,"vanished, leave, dark",3,"scream, intense, fear",5,"scream, fear, vanished, intense, god",6,"usual, frank, top, father, intense, god",2,"scream, intense",4,"vanished, intense, scream, leave",2,"top, god",-3,Negative
thursday february 3 1944,tuesday february 8 1944,12,"money, laugh, mother, silly, hope, young, swim, clean, cheerful, food, amusing, advance",14,"impossible, dying, danger, leave, collapse, die, poison, dark, fuss, ill, bad, hell, case, doubt",12,"money, invasion, arguments, dying, slam, poison, insane, fuss, ill, bad, row, hell",23,"danger, evacuate, die, unstable, hide, bad, advance, slam, dying, collapse, poison, defend, fever, afraid, change, insane, swim, hell, case, fire, flood, ill, doubt",11,"money, fill, noble, truth, mother, hope, facts, fairly, clean, food, doubt",7,"dying, collapse, boil, poison, ill, bad, hell",9,"money, slam, laugh, leave, hope, unstable, young, cheerful, advance",13,"money, time, daily, mother, long, contingent, hope, young, swim, store, hungry, coming, advance",-20,Highly Negative
tuesday february 8 1944,saturday february 12 1944,8,"kind, peace, laughing, laugh, mother, fun, kiss, found",6,"cruel, fell, quiet, guilty, forgotten, tease",4,"cruel, lying, tease, guilty",2,"cruel, forgotten",10,"kind, frank, peace, mother, blanket, important, real, father, found, school",3,"cruel, messy, lying",4,"laugh, kiss, incident, suddenly",6,"immediately, peace, mother, fun, kiss, tease",9,Positive
saturday february 12 1944,monday february 14 1944,4,"shining, sun, freedom, fulfill",6,"longing, beating, explode, crying, cry, blue",4,"confusion, explode, beating, force",4,"confusion, explode, beating, force",3,"sun, freedom, frank",0,,2,"explode, sun",3,"shining, longing, sun",-4,Negative
monday february 14 1944,tuesday february 15 1944,9,"laughter, joy, feeling, music, love, honest, wonderful, pleased, amused",10,"longing, mad, feeling, music, disagreement, honest, ill, bad, problem, criticize",9,"mad, feeling, disagreement, angry, honest, ill, bad, words, criticize",8,"mad, feeling, honest, ill, bad, afraid, problem, criticize",5,"usual, feeling, honest, wonderful, attentive",7,"mad, feeling, angry, honest, ill, bad, criticize",4,"differently, laughter, feeling, wonderful",4,"longing, long, feeling, laughter",-16,Highly Negative
tuesday february 15 1944,wednesday february 16 1944,1,mother,2,"bad, humbled",7,"blame, rage, indignation, angry, bad, lying, agitation",1,bad,2,"mother, assured",5,"blame, indignation, angry, bad, lying",1,rapid,1,mother,-11,Highly Negative
wednesday february 16 1944,thursday february 17 1944,7,"star, affection, mother, birthday, good, tender, happy",7,"bum, hanging, black, meaningless, aching, ill, bottom",3,"ill, hanging, words",4,"war, ill, hanging, afraid",11,"star, convinced, divan, affection, frank, mother, good, tender, father, understanding, happy",4,"hanging, ill, dishonesty, bum",4,"chance, pang, birthday, good",8,"star, immediately, time, mother, ready, birthday, good, happy",8,Positive
thursday february 17 1944,friday february 18 1944,4,"good, kind, amusing, god",0,,0,,1,god,5,"secret, frank, kind, good, god",0,,1,good,2,"good, god",10,Positive
friday february 18 1944,saturday february 19 1944,5,"mother, feeling, love, friendship, beautiful",3,"leave, feeling, hate",2,"feeling, hate",3,"hate, feeling, afraid",7,"credit, frank, mother, feeling, intuition, friendship, trust",2,"feeling, hate",3,"chance, leave, feeling",3,"develop, feeling, mother",5,Positive
saturday february 19 1944,sunday february 20 1944,4,"comfort, hope, hopeful, tender",6,"quiet, deserted, dark, unhappy, ill, disappointing",4,"bear, ill, deserted, unhappy",3,"bear, ill, deserted",10,"confide, truth, shoulder, frank, blanket, hope, fully, comfort, tender, hopeful",4,"ill, deserted, toilet, unhappy",3,"hope, suddenly, hopeful",7,"time, hope, comfort, expectation, hopeful, long, coming",4,Positive
sunday february 20 1944,sunday february 27 1944,21,"joy, sunshine, prestige, share, food, enjoy, kind, feeling, clean, favorite, sun, beam, comfort, god, tree, freedom, mother, remedy, wonderful, happy, happiness",11,"lower, feeling, missing, unhappy, lost, lie, loss, broken, sorrow, lonely, blue",8,"tree, feeling, unhappy, words, lie, loss, broken, lonely",8,"feeling, missing, frightened, lonely, loss, broken, sorrow, god",22,"frank, prestige, share, father, food, enjoy, prefer, show, kind, feeling, clean, favorite, sun, comfort, god, strength, tree, freedom, mother, remedy, wonderful, happy",8,"tree, scrub, boy, feeling, unhappy, dirty, lie, lonely",5,"tree, feeling, frightened, wonderful, sun",15,"time, tree, happy, horizon, mother, enjoy, feeling, share, comfort, remedy, long, sun, coming, god, happiness",23,Highly Positive
sunday february 27 1944,monday february 28 1944,5,"true, yearning, feeling, finally, flirt",3,"ill, feeling, late",3,"ill, feeling, noisy",4,"hide, hiding, ill, feeling",9,"true, continue, yearning, explain, frank, feeling, finally, flirt, understanding",3,"ill, feeling, finally",4,"splash, feeling, finally, flirt",5,"continue, yearning, feeling, finally, flirt",6,Positive
monday february 28 1944,wednesday march 1 1944,3,"cheerful, smiling, kind",4,"aching, bang, broke, unhappy",2,"bang, unhappy",2,"broke, bang",2,"frank, kind",2,"bang, unhappy",2,"cheerful, bang",1,long,-4,Negative
wednesday march 1 1944,thursday march 2 1944,2,"found, delighted",3,"worrying, worried, hell",1,hell,5,"burglar, worrying, fled, hiding, hell",2,"usual, found",4,"hell, mess, burglar, messy",3,"incident, delighted, surprised",3,"worrying, delighted, hurry",-6,Negative
thursday march 2 1944,saturday march 4 1944,15,"kind, compliment, mother, white, silly, darling, finally, love, friend, feeling, honest, young, glad, treat, happy",16,"losing, worse, crazy, worry, hanging, terrible, fall, feeling, honest, bad, miserable, misery, treat, suffering, aggravating, case",19,"offensive, hanging, politics, bad, words, aggravating, feeling, treat, crazy, terrible, miserable, losing, argument, idiotic, fight, honest, misery, hot, jealous",14,"worse, suspect, crazy, worry, hanging, terrible, fight, feeling, honest, bad, treat, misery, suffering, case",18,"frank, virtue, compliment, mother, white, kind, darling, finally, feeling, friend, honest, father, treat, constantly, understanding, sincere, happy, advice",13,"offensive, terrible, hanging, finally, idiotic, feeling, honest, bad, miserable, misery, treat, suffering, jealous",8,"break, surprised, compliment, slip, finally, feeling, young, treat",13,"time, compliment, mother, white, worry, feeling, finally, young, thought, glad, treat, long, happy",-16,Highly Negative
saturday march 4 1944,monday march 6 1944,3,"love, good, happy",4,"insult, dreary, fall, case",1,insult,1,case,4,"good, frank, father, happy",2,"insult, boy",2,"good, insult",3,"good, happy, bye",2,Positive
monday march 6 1944,wednesday march 8 1944,37,"splendor, faith, deal, happy, joy, sunshine, finally, flirt, admiration, entertained, good, enjoy, generous, amusing, money, flattering, sex, laughing, love, favorite, sun, glory, smile, thankful, witty, beauty, god, charmed, respect, laugh, mother, honest, cheerful, heavenly, beautiful, amused, happiness",20,"loneliness, die, banish, longing, fragile, explode, refused, hurt, deserted, crying, lost, hell, lonely, exhausted, misfortune, quiet, honest, misery, suffering, melancholy",12,"money, hurt, conquest, deserted, banish, explode, honest, spite, words, hell, lonely, misery",21,"loneliness, die, banish, guard, fragile, conquest, explode, change, hurt, deserted, remains, hiding, hell, god, lonely, misfortune, honest, difficult, misery, suffering, armor",33,"confide, fill, faith, deal, frank, happy, finally, flirt, admiration, good, armor, center, father, enjoy, generous, sincere, guard, money, show, sex, top, favorite, sun, glory, smile, remains, god, respect, mother, honest, heavenly, school, advice",10,"deserted, finally, banish, honest, awkwardness, remains, misery, hell, suffering, lonely",13,"splendor, money, smile, catch, deal, laugh, finally, flirt, good, explode, suddenly, cheerful, sun",23,"splendor, faith, deal, finally, flirt, good, long, enjoy, money, longing, time, sex, top, sun, glory, gradual, god, respect, mother, heavenly, coming, happy, happiness",30,Highly Positive
wednesday march 8 1944,friday march 10 1944,3,"deal, glad, fun",3,"disappointing, ill, blue",1,ill,2,"ill, gasping",2,"deal, confess",2,"boy, ill",1,deal,3,"deal, glad, fun",0,Neutral
friday march 10 1944,saturday march 11 1944,2,"pleased, diary",7,"bleeding, gloomy, sick, hanging, ill, upset, awful",5,"hanging, scare, ill, upset, awful",7,"bleeding, hanging, scare, nervous, ill, police, awful",4,"fort, police, frank, diary",6,"bleeding, sick, hanging, stomach, ill, awful",2,"suddenly, scare",3,"time, nervous, scare",-16,Highly Negative
saturday march 11 1944,sunday march 12 1944,1,feeling,5,"longing, crazy, feeling, miserable, pain",3,"crazy, feeling, miserable",4,"pain, feeling, crazy, afraid",1,feeling,2,"feeling, miserable",1,feeling,3,"longing, time, feeling",-9,Negative
sunday march 12 1944,tuesday march 14 1944,4,"cheerful, peace, nap, kind",4,"worn, moody, crazy, wretched",3,"confusion, moody, crazy",3,"confusion, avoid, crazy",6,"confide, kind, divan, explain, peace, father",1,wretched,3,"cheerful, mouth, chance",5,"time, peace, ready, long, tomorrow",4,Positive
tuesday march 14 1944,thursday march 16 1944,8,"entertain, picnic, pleasant, present, progress, save, food, amusing",12,"cancer, quiet, sick, wretched, wanting, black, unbearable, ill, bad, fat, disease, measles",8,"cancer, horrible, hot, ill, bad, row, disgusting, disease",9,"cancer, horrible, ill, hiding, bad, disgusting, disease, war, measles",9,"truth, frank, measure, picnic, pleasant, present, save, important, food",20,"horrible, stinking, bad, disgusting, gut, muck, cancer, sick, wretched, unbearable, measles, idiot, mess, stink, nose, garbage, stomach, ill, fat, disease",4,"picnic, mouth, present, pleasant",8,"time, present, picnic, pleasant, progress, thought, long, hungry",-24,Highly Negative
thursday march 16 1944,thursday march 16 1944,4,"good, laugh, green, present",9,"gloom, quiet, sick, ill, bad, lost, woe, forsaken, case",4,"row, ill, bad, forsaken",8,"flu, doom, diagnosis, ill, hearing, bad, woe, case",6,"present, diagnosis, good, real, doctor, green",4,"sick, ill, woe, bad",4,"good, guess, laugh, present",6,"time, present, diagnosis, good, tomorrow, audience",-9,Negative
thursday march 16 1944,friday march 17 1944,14,"present, laugh, mother, peace, hope, confidence, love, share, good, goodness, gorgeous, beautiful, green, affection",14,"gloom, crazy, quiet, sick, ill, bad, moan, pity, lost, groan, woe, forsaken, case, terribly",7,"crazy, contemptuous, battle, ill, bad, row, forsaken",12,"flu, crazy, doom, diagnosis, confidence, ill, hearing, bad, moan, war, woe, case",17,"frank, present, peace, mother, diagnosis, hope, confidence, share, good, goodness, real, father, constantly, doctor, green, affection, akin",5,"sick, ill, bad, groan, woe",6,"guess, present, laugh, hope, good, goodness",13,"time, present, peace, mother, diagnosis, hope, share, good, goodness, tomorrow, thought, long, audience",6,Positive
friday march 17 1944,saturday march 18 1944,8,"respect, laugh, mother, darling, love, admiration, approve, food",2,"sick, older",1,disgusting,4,"flu, disgusting, change, remains",11,"frank, respect, mother, darling, admiration, admire, remains, objective, approve, father, food",3,"disgusting, sick, remains",2,"laugh, suddenly",7,"immediately, respect, mother, objective, long, coming, happen",16,Highly Positive
saturday march 18 1944,sunday march 19 1944,4,"marriage, wonderful, proud, sex",1,leave,0,,1,afraid,9,"proud, sex, frank, marriage, intuition, confirmed, wonderful, father, general",1,ignorant,3,"purity, leave, wonderful",3,"marriage, proud, sex",13,Highly Positive
sunday march 19 1944,monday march 20 1944,17,"eager, smile, deal, diary, peace, mother, birthday, feeling, love, good, special, wonderful, glad, cheerful, kiss, exuberance, happy",10,"dreadful, loneliness, quiet, feeling, meaningless, ill, bad, alienated, cry, withdraw",11,"dreadful, distrust, argue, feeling, argument, ill, bad, words, hot, ire, pest",7,"dreadful, distrust, loneliness, feeling, ill, bad, pest",17,"eager, usual, smile, deal, diary, word, mother, peace, feeling, good, important, agreed, wonderful, father, fact, trust, happy",6,"dreadful, distrust, feeling, ill, bad, pest",11,"eager, smile, surprised, deal, birthday, feeling, good, suddenly, wonderful, cheerful, kiss",14,"eager, dreadful, time, deal, peace, mother, birthday, feeling, good, thought, glad, kiss, coming, happy",14,Highly Positive
monday march 20 1944,thursday march 23 1944,27,"beautiful, happy, sunshine, hope, share, friend, good, satisfied, friendship, enjoy, spirits, true, kind, sweet, feeling, friendly, love, treat, gain, mother, silly, goodness, honest, wonderful, found, affection, happiness",16,"case, exhausted, feeling, honest, tolerate, ill, reproach, unpleasant, treat, bottom, hell, indifference, bad, bitterly, awful, missing",16,"contempt, shout, feeling, honest, tolerate, ill, reproach, bad, spite, treat, hell, indifference, jealous, words, bitterly, awful",13,"contempt, change, case, feeling, honest, ill, bad, treat, hell, indifference, war, awful, missing",28,"prepared, frank, happy, hope, share, friend, good, agreement, father, friendship, enjoy, conscience, show, truth, kind, true, sweet, feeling, friendly, brother, treat, trust, mother, goodness, honest, wonderful, found, affection",14,"contempt, feeling, nose, honest, ill, reproach, unpleasant, treat, bad, hell, indifference, jealous, bitterly, awful",11,"shout, sweet, surprised, spirits, splash, hope, feeling, goodness, good, wonderful, treat",25,"prepared, hope, share, good, start, long, enjoy, tomorrow, time, spirits, sweet, feeling, friendly, treat, clock, wait, develop, gain, begun, mother, goodness, letter, thought, happy, happiness",21,Highly Positive
thursday march 23 1944,friday march 24 1944,9,"sweet, sex, laugh, mother, goodness, intimate, honest, surprise, enlighten",7,"wound, descent, worry, honest, ill, prison, defenseless",5,"wound, rage, honest, ill, prison",14,"flu, wound, fire, stunned, descent, parachute, worry, honest, ill, fever, afraid, prison, surprise, defenseless",13,"deed, usual, sweet, sex, mother, goodness, intimate, honest, enlighten, top, father, assured, crew",2,"honest, ill",7,"trick, stunned, outrageous, laugh, sweet, goodness, surprise",8,"time, sweet, sex, mother, worry, goodness, intimate, top",2,Positive
friday march 24 1944,saturday march 25 1944,8,"laugh, mother, silly, enjoying, intimate, young, friendship, sun",6,"lower, dying, obnoxious, dark, unpleasant, forgotten",6,"dying, obnoxious, fits, spite, words, jealous",5,"dying, war, hide, afraid, forgotten",10,"truth, frank, explain, mother, enjoying, intimate, important, top, friendship, sun",5,"dying, blister, obnoxious, unpleasant, jealous",6,"curiosity, laugh, mouth, young, sun, sudden",10,"time, curiosity, mother, enjoying, intimate, top, young, thought, sun, happen",6,Positive
saturday march 25 1944,monday march 27 1944,15,"flattering, score, money, beautiful, true, candid, friendliness, mother, peace, friendly, friend, honest, young, enjoy, happy",9,"worry, dark, mistake, honest, rainy, ill, badly, case, criticize",8,"blame, money, teasing, force, honest, ill, quarrel, criticize",8,"worry, teasing, force, difficult, honest, ill, case, criticize",16,"agreeing, money, true, frank, candid, friendliness, mother, peace, friendly, friend, intelligent, honest, father, enjoy, committed, happy",4,"blame, ill, honest, criticize",5,"money, score, candid, occasional, young",11,"time, score, money, candid, peace, mother, worry, friendly, young, enjoy, happy",13,Highly Positive
monday march 27 1944,tuesday march 28 1944,10,"faith, spouse, laugh, splendid, mother, music, special, intimate, peaceful, jump",7,"insult, urn, music, dark, ill, worse, late",11,"argue, invasion, insult, politics, teasing, grumble, force, argument, ill, row, possession",10,"trembling, dread, avoiding, teasing, force, ill, hiding, worse, possession, war",13,"united, nation, faith, truth, spouse, frank, mother, machine, intimate, peaceful, father, patience, swear",4,"insult, possession, ill, grumble",5,"insult, surprising, laugh, splendid, peaceful",11,"dread, faith, clock, mother, letter, intimate, peaceful, start, patience, long, impatient",2,Positive
tuesday march 28 1944,wednesday march 29 1944,11,"smile, teach, sweet, true, mother, beauty, content, pretty, love, fun, beautiful",6,"crazy, dark, unhappy, ill, struggle, difficulties",6,"crazy, politics, unhappy, ill, struggle, jealous",7,"crazy, watch, homework, difficult, ill, hiding, struggle",13,"smile, show, teach, sweet, truth, true, word, mother, frank, content, pretty, father, school",4,"clumsy, jealous, ill, unhappy",4,"occasional, smile, teach, sweet",6,"watch, sweet, mother, pretty, thought, fun",7,Positive
wednesday march 29 1944,friday march 31 1944,7,"deal, electric, diary, good, reward, food, amusing",7,"steal, leave, sick, stripped, black, worse, prison",6,"steal, stripped, smash, stolen, prison, raging",10,"steal, police, stripped, frightened, smash, hiding, worse, prison, raging, war",10,"secret, deal, diary, good, title, cabinet, reward, food, police, fellow",3,"raging, sick, stripped",6,"deal, electric, leave, frightened, good, reward",8,"board, deal, stripped, wait, good, reward, public, coming",-1,Negative
friday march 31 1944,saturday april 1 1944,7,"joy, optimism, save, pretty, special, good, god",6,"tough, loss, forsaken, doomed, punch, awful",4,"loss, punch, awful, forsaken",7,"loss, withstand, shaking, doomed, punch, awful, god",7,"frank, optimism, pretty, save, fairly, good, god",2,"lemon, awful",3,"good, punch, optimism",8,"expecting, time, optimism, pretty, good, withstand, long, god",3,Positive
saturday april 1 1944,monday april 3 1944,3,"good, kiss, sweet",2,"longing, ill",1,ill,2,"difficult, ill",4,"good, frank, sweet, shoulder",1,ill,3,"good, kiss, sweet",6,"time, longing, sweet, good, kiss, impatient",7,Positive
monday april 3 1944,wednesday april 5 1944,7,"alive, delightful, goodness, good, fun, food, god",3,"tough, shortage, difficulty",2,"shortage, difficulty",4,"shortage, chicken, difficulty, god",8,"usual, frank, alive, delightful, goodness, good, food, god",1,stomach,2,"goodness, good",9,"time, alive, delightful, goodness, good, fun, hungry, importance, god",14,Highly Positive
wednesday april 5 1944,thursday april 6 1944,14,"spirits, diary, alive, mother, achieve, good, humorous, vivid, special, excited, wonderful, gift, cheerful, god",9,"cry, bothering, death, forgotten, sob, miserable, struggle, punch, awful",7,"death, bothering, miserable, struggle, row, punch, awful",8,"death, war, forgotten, remains, struggle, punch, awful, god",13,"secret, god, diary, alive, mother, frank, achieve, good, remains, excited, wonderful, fact, school",6,"death, remains, awful, miserable, lemon, ignorant",8,"death, spirits, good, gift, excited, wonderful, cheerful, punch",12,"time, death, spirits, alive, mother, good, develop, gift, excited, thought, coming, god",9,Positive
thursday april 6 1944,tuesday april 11 1944,3,"hobby, progress, favorite",1,ill,1,ill,2,"warn, ill",4,"warn, frank, school, favorite",1,ill,2,"warn, surprised",5,"time, progress, wait, warn, public",7,Positive
tuesday april 11 1944,friday april 14 1944,25,"beautiful, deal, finally, good, satisfied, gorgeous, food, shining, safe, love, diary, garden, music, achieve, young, god, teach, freedom, laugh, mother, white, goodness, fun, found, happiness",31,"ashes, sentence, danger, bang, die, bad, defeated, dashed, death, shiver, fall, broken, missing, terrible, music, deserted, worse, lie, doomed, case, wail, darkness, exhausted, falling, quiet, interrupted, black, ill, misery, suffering, discomfort",30,"sentence, bang, combat, bark, bad, bear, dashed, revenge, complaint, death, shiver, angry, fighting, kick, broken, rage, smell, terrible, deserted, suspicious, demand, lie, carelessness, invasion, darkness, fear, tension, ill, misery, lying",44,"terror, sentence, danger, bang, fled, die, combat, frightened, hide, bad, bear, barricade, war, guard, dashed, revenge, trembling, death, risk, ware, shiver, afraid, broken, missing, terrible, deserted, hiding, worse, warn, doomed, case, wail, god, watch, darkness, fear, flying, nervous, ill, courageous, forced, misery, suffering, police",36,"usual, frank, dare, shoulder, deal, finally, good, agreed, justice, father, food, guard, ground, safe, truth, fact, trust, leaning, diary, planning, achieve, warn, watchman, god, strength, teach, freedom, mother, white, machine, goodness, religion, innocent, found, police, inform",17,"carelessness, sentence, death, toilet, bang, smell, terrible, finally, angry, deserted, waste, ill, bad, misery, suffering, lie, lying",19,"deal, bang, finally, frightened, good, revenge, guess, death, occasional, incident, young, warn, teach, laugh, trip, goodness, chance, suddenly, unexpectedly",36,"board, sentence, intended, dare, deal, finally, good, start, revenge, time, expecting, attempt, shining, death, risk, shiver, ready, clock, invitation, planning, suspicious, wait, young, warn, god, watch, probability, mother, white, goodness, nervous, thought, fun, plan, coming, happiness",-25,Highly Negative
friday april 14 1944,saturday april 15 1944,5,"luck, hope, love, good, sun",7,"grumpy, interested, stifled, bad, worse, exile, doubt",5,"grumpy, bad, lying, exile, stifled",6,"government, stifled, bad, worse, exile, doubt",5,"frank, hope, good, sun, doubt",6,"drivel, interested, grumpy, ugly, bad, lying",4,"good, luck, sun, hope",5,"time, luck, hope, good, sun",-9,Negative
saturday april 15 1944,sunday april 16 1944,9,"kind, mother, luck, hope, feeling, comfort, shopping, food, sweetheart",13,"scarce, steal, sick, leave, feeling, ill, bad, sweetheart, upset, lost, problem, broken, cry",8,"blame, steal, feeling, ill, bad, possession, upset, broken",9,"operation, scarce, steal, feeling, ill, bad, possession, problem, broken",14,"operation, secret, kind, frank, mother, hope, feeling, registry, count, comfort, cement, shopping, food, sweetheart",10,"blame, toilet, sick, feeling, nose, intestinal, ill, bad, possession, bombed",7,"guess, luck, leave, hope, feeling, shopping, suddenly",9,"immediately, mother, luck, hope, feeling, comfort, cement, shopping, sweetheart",-8,Negative
sunday april 16 1944,monday april 17 1944,5,"feeling, wonderful, kiss, intense, happy",2,"ill, feeling",4,"intense, ill, feeling, words",3,"intense, ill, feeling",9,"shoulder, divan, frank, feeling, important, top, wonderful, intense, happy",3,"intense, ill, feeling",4,"kiss, intense, feeling, wonderful",7,"time, begun, long, feeling, top, kiss, happy",9,Positive
monday april 17 1944,wednesday april 19 1944,22,"deal, bouquet, intimate, amusing, promise, thrilling, safe, feeling, love, marriage, peaceful, favorite, beauty, young, kiss, tree, rising, mother, goodness, wonderful, approve, happy",10,"hurt, leave, feeling, fearful, unhappy, ill, victim, lost, doubt, terribly",9,"tree, hurt, feeling, unhappy, ill, victim, hot, lying, revolt",9,"anxious, hurt, sneaking, feeling, fearful, ill, victim, war, doubt",24,"shoulder, sneaking, deal, frank, bouquet, intimate, father, promise, safe, feeling, marriage, peaceful, favorite, trust, secret, iron, honesty, tree, mother, goodness, wonderful, approve, happy, doubt",6,"tree, boy, feeling, unhappy, ill, lying",14,"thrilling, tree, deal, kiss, occasional, leave, feeling, goodness, mouth, peaceful, wonderful, young, judgment, revolt",19,"deal, sneaking, intimate, time, thrilling, feeling, marriage, peaceful, wait, young, kiss, anxious, tree, rising, mother, goodness, thought, bye, happy",31,Highly Positive
wednesday april 19 1944,tuesday april 25 1944,12,"marry, safe, beauty, feeling, darling, birthday, finally, enjoying, good, peaceful, sun, sing",6,"disturbed, feeling, disaster, bad, sore, sing",7,"blame, rage, disturbed, feeling, disaster, bad, sore",5,"marry, feeling, disaster, bad, shady",12,"marry, safe, frank, feeling, darling, finally, enjoying, good, peaceful, title, sun, sing",6,"blame, boy, feeling, finally, disaster, bad",9,"marry, birthday, feeling, surprisingly, disaster, good, finally, peaceful, sun",12,"time, marry, feeling, birthday, surprisingly, finally, enjoying, good, peaceful, long, sun, sing",12,Highly Positive
tuesday april 25 1944,thursday april 27 1944,7,"mother, silly, pretty, birthday, food, amusing, god",5,"cancer, hopeless, ill, miserable, awful",7,"blame, cancer, furious, ill, miserable, hit, awful",5,"cancer, hopeless, ill, awful, god",9,"frank, measure, mother, pretty, dealings, father, food, doctor, god",8,"blame, cancer, toilet, furious, boy, ill, miserable, awful",1,birthday,5,"time, mother, pretty, birthday, god",-4,Negative
thursday april 27 1944,friday april 28 1944,4,"laugh, sun, abundance, child",4,"complain, agony, bad, malaria",5,"invasion, agony, complain, battle, bad",4,"agony, war, bad, malaria",7,"usual, abundance, frank, serve, chart, colonel, sun",7,"bran, abundance, cough, john, nose, bad, malaria",2,"laugh, sun",7,"time, abundance, mill, university, child, long, sun",-2,Negative
friday april 28 1944,tuesday may 2 1944,20,"marry, glow, bliss, hope, passionate, tender, friendship, amusing, tenderness, feeling, love, passion, peace, comfort, kiss, laughter, honest, wonderful, found, happiness",11,"longing, darkness, fell, quiet, feeling, older, honest, bottom, struggle, forgotten, lonely",5,"darkness, feeling, honest, struggle, lonely",9,"trembling, marry, darkness, feeling, honest, afraid, struggle, forgotten, lonely",20,"usual, confide, marry, frank, glow, hope, passionate, tender, friendship, show, divan, feeling, passion, experienced, peace, comfort, strength, honest, wonderful, found",5,"boy, feeling, nose, honest, lonely",9,"marry, laughter, hope, feeling, mouth, suddenly, wonderful, kiss, infrequent",13,"time, longing, marry, laughter, peace, glow, hope, feeling, passionate, comfort, passion, kiss, happiness",23,Highly Positive
tuesday may 2 1944,wednesday may 3 1944,9,"promise, true, birthday, love, good, gift, glad, friendship, beautiful",2,"ill, bad",5,"distrust, ill, bad, words, quarrel",4,"distrust, ill, bad, razor",12,"promise, show, true, frank, worthy, good, agreed, father, friendship, fact, trust, strength",5,"distrust, boy, ill, bad, lemon",4,"good, incident, gift, birthday",8,"time, immediately, birthday, good, gift, thought, glad, coming",13,Highly Positive
wednesday may 3 1944,friday may 5 1944,14,"romance, liberation, humanity, diary, laugh, beauty, finally, goodness, humorous, fun, lover, food, amusing, happiness",10,"crazy, romance, danger, kill, guilty, destroyed, dumps, murder, despair, doubt",11,"invasion, crazy, rage, destruction, politics, guilty, destroyed, hot, dumps, murder, despair",13,"crazy, romance, danger, dangerous, kill, medical, hide, destroyed, hiding, murder, war, despair, doubt",12,"romance, continue, frank, humanity, diary, strength, finally, goodness, medical, lover, food, doubt",7,"mess, rotting, flea, finally, dirty, murder, despair",7,"romance, liberation, laugh, finally, surprisingly, goodness, murder",16,"time, romance, continue, liberation, finally, surprisingly, adventure, goodness, medical, start, reconstruction, lover, fun, long, happiness, tomorrow",1,Positive
friday may 5 1944,saturday may 6 1944,4,"good, mother, laugh, kind",12,"forbid, leave, older, unhappy, wanting, ill, bad, miserable, struggle, cry, lonely, doubt",8,"unhappy, lonely, battle, ill, bad, miserable, struggle, noisy",5,"ill, bad, struggle, lonely, doubt",11,"kind, frank, word, mother, expect, good, father, doubt, account, trust, advice",5,"unhappy, ill, bad, miserable, lonely",4,"good, leave, expect, laugh",7,"time, expected, mother, expect, good, thought, long",-8,Negative
saturday may 6 1944,monday may 8 1944,13,"true, proud, diary, mother, birthday, finally, love, share, good, fun, pride, food, improve",17,"cruel, ashamed, older, black, unhappiness, lonely, undertaker, ill, lowest, unkind, hurtful, pain, upset, broken, sorrow, missing, miserably",13,"cruel, injustice, blame, mistress, deserve, ill, words, unkind, hurtful, despicable, upset, broken, lonely",11,"cruel, lonely, difficult, ill, unkind, hurtful, pain, police, broken, sorrow, missing",19,"frank, finally, share, good, important, father, food, improve, show, true, defended, proud, diary, errand, account, mother, deserve, supporting, police",12,"cruel, blame, mistress, ugly, boy, ashamed, finally, ill, unkind, hurtful, despicable, lonely",3,"good, birthday, finally",17,"daily, proud, mother, delivery, errand, birthday, ready, deserve, share, letter, good, track, finally, start, fun, develop, improve",-4,Negative
monday may 8 1944,tuesday may 9 1944,13,"money, exciting, spouse, laugh, mother, art, good, delicious, gorgeous, food, beautiful, youth, elegant",4,"lost, case, art, homicide",5,"money, homicide, words, hot, youth",5,"homicide, inflation, war, youth, case",12,"money, fill, frank, assure, spouse, mother, fairly, nurse, good, father, advocate, food",1,homicide,7,"money, exciting, laugh, art, good, mouth, youth",9,"money, time, exciting, mother, art, good, addresses, youth, happen",19,Highly Positive
tuesday may 9 1944,wednesday may 10 1944,12,"daughter, perfect, laughter, present, diary, mother, pretty, finally, lovely, shopping, satisfied, green",2,"confinement, lovely",1,confinement,4,"hiding, confinement, laxative, hearing",15,"lesson, perfect, frank, present, word, mother, diary, grandfather, pretty, finally, fully, lovely, shopping, father, green",3,"boy, laxative, finally",6,"laughter, trick, present, finally, shopping, lovely",12,"lesson, time, perfect, laughter, present, mother, pretty, finally, shopping, thought, inquiry, lovely",29,Highly Positive
wednesday may 10 1944,thursday may 11 1944,4,"luck, found, laughter, share",2,"dashed, disaster",3,"armed, dashed, disaster",3,"armed, dashed, disaster",4,"found, fact, father, share",2,"stink, disaster",4,"luck, suddenly, laughter, disaster",5,"time, immediately, laughter, luck, share",3,Positive
thursday may 11 1944,thursday may 11 1944,8,"liberation, laugh, mother, finally, good, treat, heroism, god",17,"apologize, horror, shell, hurt, prisoner, bum, abduction, die, stripped, stroke, ill, abuse, bad, treat, vanished, upset, blue",16,"horror, shell, hurt, prisoner, belt, stripped, mutter, ill, abuse, scolding, spite, treat, hot, bad, words, upset",17,"horror, shell, hurt, prisoner, abduction, belt, die, stripped, stroke, flying, ill, hiding, abuse, treat, bad, vanished, god",10,"apologize, usual, frank, mother, finally, good, treat, father, heroism, god",9,"horror, bum, prisoner, stripped, finally, ill, abuse, bad, treat",10,"horror, shell, liberation, laugh, abduction, finally, good, treat, vanished, heroism",11,"time, liberation, mother, stripped, finally, good, treat, long, heroism, coming, god",-30,Highly Negative
thursday may 11 1944,saturday may 13 1944,19,"finally, friend, good, pride, heroism, nap, true, liberation, love, marriage, treat, diary, god, laugh, mother, vacation, succeed, graduation, happy",25,"bum, die, depression, bad, vanished, dying, stroke, treat, horror, hurt, prisoner, stripped, upset, case, blue, apologize, shell, concerned, abduction, chaos, cross, ill, abuse, plight, shattered",19,"bad, words, dying, belt, spite, treat, horror, hurt, prisoner, stripped, mutter, scolding, upset, shell, chaos, cross, ill, abuse, hot",26,"die, bad, vanished, war, dying, belt, stroke, treat, horror, hurt, prisoner, stripped, remains, hiding, god, case, concerned, shell, abduction, chaos, cross, flying, ill, abuse, plight, graduation",22,"usual, frank, finally, friend, good, father, professor, true, serve, marriage, treat, secret, diary, remains, god, apologize, mother, graduation, manage, succeed, heroism, happy",12,"horror, dying, bum, prisoner, stripped, finally, ill, abuse, bad, treat, remains, plight",13,"horror, shell, break, liberation, succeed, laugh, abduction, graduation, finally, good, treat, vanished, heroism",20,"finally, good, long, heroism, tomorrow, time, liberation, marriage, treat, stripped, wait, god, mother, vacation, thought, plight, succeed, graduation, coming, happy",-21,Highly Negative
saturday may 13 1944,tuesday may 16 1944,8,"shining, beautiful, tree, bloom, beer, delicious, wonderful, sun",0,,1,tree,0,,6,"tree, frank, bloom, wonderful, father, sun",1,tree,3,"sun, wonderful, tree",4,"shining, sun, bloom, tree",16,Highly Positive
tuesday may 16 1944,friday may 19 1944,7,"exciting, true, laughing, mother, majority, art, love",4,"ill, interested, art, dull",3,"invasion, ill, words",3,"war, medical, ill",8,"show, true, convinced, frank, mother, majority, medical, religion",2,"ill, interested",2,"art, exciting",11,"time, exciting, mother, long, art, wait, start, medical, correspondence, wont, store",14,Highly Positive
friday may 19 1944,saturday may 20 1944,4,"love, kiss, tenderness, happy",2,"hell, ill",4,"hell, force, ill, conquest",4,"hell, force, ill, conquest",2,"frank, happy",3,"hell, boy, ill",1,kiss,2,"kiss, happy",-5,Negative
saturday may 20 1944,thursday may 25 1944,18,"faith, rising, heroic, true, laughing, mother, laugh, luck, save, liberation, freedom, hope, good, honest, pay, beautiful, generous, lovely",20,"affront, die, bad, impossible, damage, dreadful, terrible, ruined, crying, lost, dismay, upset, loss, awful, lovely, sacrifices, honest, hatred, unfortunate, sorrow",20,"affront, threat, bad, words, damage, fighting, unjust, dreadful, terrible, unthinkable, ruined, dismay, upset, loss, awful, blame, invasion, deserve, honest, hatred",24,"affront, threat, asylum, die, suspense, bad, war, fever, foreboding, waver, dreadful, mistaken, terrible, unthinkable, ruined, dismay, loss, awful, anxious, sacrifices, difficult, honest, hatred, sorrow",25,"faith, frank, shoulder, hope, save, upright, good, justice, father, generous, show, true, truth, policy, fact, expect, confirmed, lovely, heroic, freedom, mother, deserve, honest, pay, cover",14,"affront, blame, dreadful, damage, sacrifices, terrible, nose, unthinkable, honest, hatred, bad, ruined, lesser, awful",14,"affront, purity, heroic, liberation, laugh, luck, hope, expect, good, suspense, differently, dismay, judgment, lovely",19,"faith, hope, fate, good, suspense, long, time, liberation, foreboding, dreadful, luck, expect, dismay, lovely, anxious, rising, mother, deserve, pay",-16,Highly Negative
thursday may 25 1944,friday may 26 1944,6,"deal, mother, hope, young, pleased, happy",9,"loneliness, black, ill, lowest, worse, case, loss, lonely, abyss",4,"hot, loss, lonely, ill",10,"loss, loneliness, rule, lonely, ill, hiding, worse, war, case, abyss",10,"rule, deal, frank, mother, hope, agreeable, steady, father, advise, happy",2,"ill, lonely",4,"hope, young, steady, deal",7,"deal, mother, hope, happen, young, hungry, happy",-2,Negative
friday may 26 1944,wednesday may 31 1944,6,"weight, laugh, love, good, food, happy",15,"disappointment, oppressive, horror, cruel, weight, anxiety, miserable, misery, unbearable, shrink, forgotten, despair, awful, broken, mocking",16,"cruel, oppressive, invasion, horror, crushing, fear, anxiety, raid, tension, despair, miserable, misery, bear, broken, awful, mocking",21,"oppressive, weight, frightened, bear, despair, cruel, stunned, anxiety, forgotten, broken, horror, raid, hiding, shrink, awful, crushing, fear, forced, mysterious, misery, police",9,"weight, noble, frank, good, top, father, food, police, happy",14,"disappointment, oppressive, horror, crushing, weight, toilet, cruel, misery, miserable, dirty, unbearable, despair, awful, mocking",8,"horror, weight, stunned, laugh, raid, frightened, good, mysterious",11,"weight, hurry, happy, anxiety, good, top, thought, long, mysterious, coming, happen",-40,Highly Negative
wednesday may 31 1944,friday june 2 1944,5,"shining, finally, enjoying, wonderful, beautiful",5,"hurt, suffocating, ill, awful, late",5,"hurt, horrible, ill, hot, awful",5,"hurt, horrible, suffocating, ill, awful",8,"frank, word, wear, finally, enjoying, wonderful, fixed, watchman",6,"horrible, sour, finally, suffocating, ill, awful",2,"wonderful, finally",3,"enjoying, shining, finally",-5,Negative
friday june 2 1944,monday june 5 1944,3,"good, success, safe",4,"worry, problem, falling, worse",2,"shooting, fear",6,"shooting, fear, worry, hiding, worse, problem",4,"good, safe, frank, formula",0,,1,good,3,"good, success, worry",-2,Negative
monday june 5 1944,tuesday june 6 1944,2,"friendship, friendly",5,"impossible, black, destroyed, bad, bottom",2,"destroyed, bad",2,"destroyed, bad",3,"friendship, friendly, frank",2,"bad, bombed",0,,2,"long, friendly",-4,Negative
tuesday june 6 1944,friday june 9 1944,9,"true, liberation, salvation, luck, hope, feeling, good, victory, engaged",10,"bomb, agony, terrible, feeling, dark, ill, destroyed, bad, suffering, cry",13,"invasion, enemy, bomb, agony, terrible, feeling, combat, fighting, commotion, ill, destroyed, bad, hit",12,"enemy, bomb, agony, warned, feeling, combat, terrible, ill, destroyed, bad, lines, suffering",15,"ground, usual, true, salvation, measure, frank, hope, feeling, good, real, general, steadfast, victory, school, engaged",6,"enemy, terrible, feeling, ill, bad, suffering",7,"liberation, bomb, luck, warned, feeling, hope, good",14,"time, salvation, liberation, prepare, begun, luck, warned, feeling, hope, good, thought, long, victory, engaged",-3,Negative
friday june 9 1944,tuesday june 13 1944,9,"money, freedom, victor, music, finally, art, excitement, child, generous",7,"crazy, music, art, bad, miserable, unbearable, difficulties",6,"money, invasion, crazy, fighting, bad, miserable",4,"crazy, war, bad, flying",6,"money, freedom, frank, finally, modest, generous",4,"unbearable, bad, finally, miserable",4,"art, money, excitement, finally",6,"time, money, art, finally, excitement, child",0,Neutral
tuesday june 13 1944,friday june 16 1944,31,"progress, birthday, bouquet, finally, share, good, admiration, enjoy, sweet, true, kind, holiday, esteem, liberate, found, starry, favorite, present, luck, beauty, art, comfort, glad, reward, birth, respect, mother, hero, hopeful, beautiful, affection",26,"sentence, buried, inferior, dark, rainy, struggle, longing, isolated, esteem, tolerate, crazy, curse, terrible, art, remove, miserable, illness, pain, humble, blue, unfair, hate, leave, cross, misery, doubt",29,"sentence, glare, struggle, words, bear, arrogant, complaint, liberate, tolerate, spite, scoff, crazy, curse, terrible, dislike, remove, accused, miserable, quarrel, injustice, invasion, fear, unfair, hate, cross, fight, force, misery, hot",29,"sentence, glare, buried, hide, struggle, war, bear, isolated, change, crazy, curse, terrible, government, remove, accused, shaking, illness, pain, birth, fear, hate, cross, fight, force, difficult, courageous, misery, mysterious, doubt",38,"confide, convinced, frank, bouquet, finally, share, good, agreement, admiration, father, enjoy, doubt, sweet, truth, true, kind, esteem, liberate, real, favorite, fact, fort, author, present, system, comfort, reward, theory, strength, birth, respect, mother, hero, religion, hopeful, found, affection, advice",15,"pompous, sentence, curse, unfair, hate, boy, terrible, dislike, finally, miserable, misery, scoff, humble, arrogant, abject",13,"sweet, present, luck, leave, birthday, art, liberate, finally, good, hero, hopeful, reward, mysterious",33,"sentence, intended, progress, birthday, finally, share, good, start, long, enjoy, longing, time, sweet, opportunity, holiday, ready, liberate, starry, present, luck, art, comfort, glad, reward, theory, birth, ultimately, respect, mother, hero, thought, hopeful, mysterious",3,Positive
friday june 16 1944,friday june 23 1944,4,"laugh, money, mother, humanity",6,"offended, suicide, shot, worse, prison, suffering",6,"money, offended, irritable, suicide, shot, prison",7,"rule, suicide, afraid, worse, shot, prison, suffering",6,"money, rule, frank, mother, humanity, strength",3,"stomach, suffering, egotistical",3,"laugh, money, shot",2,"money, mother",-10,Negative
friday june 23 1944,tuesday june 27 1944,2,"special, vacation",2,"lower, sunk",2,"offensive, attack",3,"operation, sunk, attack",3,"count, operation, frank",2,"sunk, offensive",0,,2,"vacation, begun",-2,Negative
tuesday june 27 1944,friday june 30 1944,1,luck,8,"captive, fell, damage, fat, bad, hell, socialist, broken",8,"invasion, damage, fight, bad, screaming, hell, socialist, broken",9,"captive, fight, bad, screaming, shaking, military, broken, hell, socialist",3,"planning, frank, leader",7,"pig, damage, fat, bad, screaming, hell, socialist",1,luck,4,"luck, long, planning, time",-24,Highly Negative
friday june 30 1944,thursday july 6 1944,5,"spirits, buddy, mother, wonderfully, triumphant",3,"painful, bad, terribly",2,"painful, bad",3,"painful, ghastly, bad",4,"triumphant, buddy, mother, frank",3,"painful, ghastly, bad",2,"spirits, wonderfully",5,"spirits, buddy, mother, thought, triumphant",3,Positive
thursday july 6 1944,saturday july 8 1944,19,"deal, alive, hope, good, money, true, feeling, beauty, achieve, glad, god, accomplish, admirable, inviting, honest, blessed, wonderful, happy, happiness",8,"terrible, feeling, deceit, inferior, wretched, honest, hell, lonely",10,"money, fear, terrible, feeling, fight, deceit, honest, punishment, hell, lonely",14,"change, god, fear, terrible, feeling, fight, deceit, alien, honest, difficult, punishment, purgatory, hell, lonely",26,"confide, deal, frank, alive, hope, antidote, good, effective, honor, conscience, money, true, feeling, word, achieve, weigh, god, strength, admirable, noble, leading, inviting, honest, religion, wonderful, happy",11,"boy, terrible, feeling, deceit, alien, wretched, honest, punishment, purgatory, hell, lonely",8,"money, deal, hope, feeling, deceit, good, inviting, wonderful",19,"deal, alive, hope, antidote, good, start, money, time, opportunity, feeling, track, develop, glad, weigh, god, inviting, thought, happy, happiness",21,Highly Positive
saturday july 8 1944,friday july 21 1944,31,"deal, finally, share, good, intimate, friend, satisfied, outstanding, friendship, true, sweet, feeling, love, delicious, child, diary, peace, beauty, achieve, triumph, excitement, young, grow, glad, god, laugh, mother, confidence, beautiful, green, affection",38,"disappointment, crushed, older, bad, destroyed, struggle, doubt, subjected, impossible, hopeless, death, feeling, killing, fall, wretched, disapproval, lose, cruelty, neglected, alienated, difficulties, crazy, badly, upset, strip, grim, lonely, criticism, shell, exhausted, leave, chaos, mistake, boredom, guilt, ill, suffering, shattered",27,"crushed, bad, destroyed, struggle, bear, death, attack, conquest, feeling, killing, lose, spite, cruelty, neglected, crazy, smell, irritable, kicking, upset, grim, lonely, criticism, shell, chaos, fight, ill, hot",34,"rule, crushed, bad, destroyed, struggle, bear, trembling, hopeless, death, attack, conquest, feeling, killing, defend, lose, cruelty, crazy, change, hiding, shaking, grim, lonely, god, watch, shell, chaos, confidence, fight, difficult, forced, ill, withstand, suffering, doubt",34,"rule, frank, deal, footing, finally, share, good, important, intimate, friend, effective, justice, father, friendship, true, truth, sweet, feeling, top, title, advise, defended, diary, peace, achieve, obvious, grow, god, mother, confidence, facts, green, affection, doubt",19,"disappointment, boy, crushed, finally, bad, death, feeling, wretched, lose, cruelty, neglected, smell, grim, lonely, egotistical, stomach, guilt, ill, suffering",17,"shell, break, death, worm, deal, sweet, laugh, outrageous, leave, feeling, finally, good, mouth, lose, excitement, young, differently",35,"worm, deal, hurried, finally, share, good, intimate, start, contingent, time, death, sweet, feeling, mail, top, morn, child, store, approaching, impatient, peace, triumph, excitement, young, glad, grow, grim, god, watch, ultimately, mother, letter, withstand, auction, coming",-18,Highly Negative
friday july 21 1944,tuesday august 1 1944,5,"loyal, kind, peace, young, happy",8,"death, kill, dictatorship, shot, hell, sore, assassination, soldier",10,"death, reprimand, dictatorship, shoot, shot, hell, sore, assassination, soldier, rifle",13,"loyal, death, conspiracy, kill, dictatorship, cowardly, shoot, shot, hell, assassination, war, escaped, rifle",13,"establish, commanding, loyal, proof, truth, kind, impeccable, peace, happy, frank, officer, school, general",3,"dictatorship, hell, death",4,"loyal, death, young, shot",8,"time, attempt, death, peace, dictatorship, start, young, happy",-8,Negative
tuesday august 1 1944,ANNE'S DIARY ENDS HERE,13,"embrace, clown, powerful, cash, joy, victor, save, finally, good, honest, cheerfulness, amusing, happy",19,"broke, exhaustion, bad, negative, mocking, death, steal, sick, forgotten, imprisonment, lost, quiet, leave, cross, honest, ill, unpleasant, epidemic, late",17,"powerful, armed, cash, enemy, death, steal, imprisonment, dislike, cross, honest, ill, bad, ambush, words, epidemic, lying, mocking",22,"enemy, broke, escape, hide, bad, cash, armed, death, steal, ambush, forgotten, change, powerful, imprisonment, hiding, cross, honest, forced, ill, epidemic, unknown, police",20,"translation, frank, save, finally, good, fellow, cash, brother, cheerfulness, united, powerful, secret, word, testimony, educational, embrace, honest, police, happy, advice",14,"powerful, death, enemy, imprisonment, sick, dislike, finally, honest, ill, bad, unpleasant, epidemic, lying, mocking",9,"embrace, clown, death, leave, finally, good, diversion, ambush, epidemic",17,"embrace, clown, powerful, cash, death, intended, exhaustion, finally, wait, good, letter, escape, shortly, unknown, cheerfulness, epidemic, happy",-22,Highly Negative
